timestamp,price_eur_mwh
2026-04-02T02:00:00+02:00,116.9
2026-04-02T02:15:00+02:00,114.44
2026-04-02T02:30:00+02:00,113.75
2026-04-02T02:45:00+02:00,111.43
2026-04-02T03:00:00+02:00,110.23
2026-04-02T03:15:00+02:00,107.65
2026-04-02T03:30:00+02:00,108.86
2026-04-02T03:45:00+02:00,110.0
2026-04-02T04:00:00+02:00,105.42
2026-04-02T04:15:00+02:00,104.97
2026-04-02T04:30:00+02:00,108.92
2026-04-02T04:45:00+02:00,110.33
2026-04-02T05:00:00+02:00,108.29
2026-04-02T05:15:00+02:00,113.17
2026-04-02T05:30:00+02:00,119.3
2026-04-02T05:45:00+02:00,136.41
2026-04-02T06:00:00+02:00,131.0
2026-04-02T06:15:00+02:00,150.04
2026-04-02T06:30:00+02:00,161.61
2026-04-02T06:45:00+02:00,165.56
2026-04-02T07:00:00+02:00,163.62
2026-04-02T07:15:00+02:00,166.68
2026-04-02T07:30:00+02:00,161.52
2026-04-02T07:45:00+02:00,148.21
2026-04-02T08:00:00+02:00,196.93
2026-04-02T08:15:00+02:00,173.46
2026-04-02T08:30:00+02:00,154.05
2026-04-02T08:45:00+02:00,106.19
2026-04-02T09:00:00+02:00,127.01
2026-04-02T09:15:00+02:00,117.01
2026-04-02T09:30:00+02:00,113.42
2026-04-02T09:45:00+02:00,99.67
2026-04-02T10:00:00+02:00,107.91
2026-04-02T10:15:00+02:00,98.89
2026-04-02T10:30:00+02:00,91.94
2026-04-02T10:45:00+02:00,63.91
2026-04-02T11:00:00+02:00,88.43
2026-04-02T11:15:00+02:00,78.75
2026-04-02T11:30:00+02:00,71.95
2026-04-02T11:45:00+02:00,57.87
2026-04-02T12:00:00+02:00,75.01
2026-04-02T12:15:00+02:00,62.42
2026-04-02T12:30:00+02:00,55.54
2026-04-02T12:45:00+02:00,46.01
2026-04-02T13:00:00+02:00,49.81
2026-04-02T13:15:00+02:00,43.2
2026-04-02T13:30:00+02:00,42.1
2026-04-02T13:45:00+02:00,34.71
2026-04-02T14:00:00+02:00,42.62
2026-04-02T14:15:00+02:00,49.97
2026-04-02T14:30:00+02:00,54.75
2026-04-02T14:45:00+02:00,64.1
2026-04-02T15:00:00+02:00,52.55
2026-04-02T15:15:00+02:00,72.99
2026-04-02T15:30:00+02:00,79.3
2026-04-02T15:45:00+02:00,90.24
2026-04-02T16:00:00+02:00,80.01
2026-04-02T16:15:00+02:00,93.18
2026-04-02T16:30:00+02:00,96.82
2026-04-02T16:45:00+02:00,101.02
2026-04-02T17:00:00+02:00,98.73
2026-04-02T17:15:00+02:00,103.15
2026-04-02T17:30:00+02:00,112.86
2026-04-02T17:45:00+02:00,120.5
2026-04-02T18:00:00+02:00,118.4
2026-04-02T18:15:00+02:00,126.46
2026-04-02T18:30:00+02:00,139.67
2026-04-02T18:45:00+02:00,153.01
2026-04-02T19:00:00+02:00,142.56
2026-04-02T19:15:00+02:00,155.8
2026-04-02T19:30:00+02:00,168.58
2026-04-02T19:45:00+02:00,180.42
2026-04-02T20:00:00+02:00,172.57
2026-04-02T20:15:00+02:00,160.94
2026-04-02T20:30:00+02:00,157.06
2026-04-02T20:45:00+02:00,147.97
2026-04-02T21:00:00+02:00,162.88
2026-04-02T21:15:00+02:00,150.75
2026-04-02T21:30:00+02:00,142.38
2026-04-02T21:45:00+02:00,130.08
2026-04-02T22:00:00+02:00,147.53
2026-04-02T22:15:00+02:00,137.96
2026-04-02T22:30:00+02:00,130.07
2026-04-02T22:45:00+02:00,124.43
2026-04-02T23:00:00+02:00,130.05
2026-04-02T23:15:00+02:00,123.78
2026-04-02T23:30:00+02:00,127.81
2026-04-02T23:45:00+02:00,114.24
2026-04-03T00:00:00+02:00,144.84
2026-04-03T00:15:00+02:00,136.52
2026-04-03T00:30:00+02:00,129.14
2026-04-03T00:45:00+02:00,123.9
2026-04-03T01:00:00+02:00,124.53
2026-04-03T01:15:00+02:00,124.1
2026-04-03T01:30:00+02:00,124.41
2026-04-03T01:45:00+02:00,114.9
2026-04-03T02:00:00+02:00,127.53
2026-04-03T02:15:00+02:00,120.0
2026-04-03T02:30:00+02:00,114.76
2026-04-03T02:45:00+02:00,115.77
2026-04-03T03:00:00+02:00,119.28
2026-04-03T03:15:00+02:00,117.16
2026-04-03T03:30:00+02:00,115.5
2026-04-03T03:45:00+02:00,118.73
2026-04-03T04:00:00+02:00,120.59
2026-04-03T04:15:00+02:00,121.05
2026-04-03T04:30:00+02:00,120.17
2026-04-03T04:45:00+02:00,118.92
2026-04-03T05:00:00+02:00,121.05
2026-04-03T05:15:00+02:00,123.44
2026-04-03T05:30:00+02:00,121.1
2026-04-03T05:45:00+02:00,128.02
2026-04-03T06:00:00+02:00,121.02
2026-04-03T06:15:00+02:00,132.34
2026-04-03T06:30:00+02:00,139.95
2026-04-03T06:45:00+02:00,139.19
2026-04-03T07:00:00+02:00,139.16
2026-04-03T07:15:00+02:00,138.84
2026-04-03T07:30:00+02:00,135.65
2026-04-03T07:45:00+02:00,129.8
2026-04-03T08:00:00+02:00,156.58
2026-04-03T08:15:00+02:00,135.59
2026-04-03T08:30:00+02:00,128.15
2026-04-03T08:45:00+02:00,103.85
2026-04-03T09:00:00+02:00,143.14
2026-04-03T09:15:00+02:00,121.59
2026-04-03T09:30:00+02:00,103.66
2026-04-03T09:45:00+02:00,84.33
2026-04-03T10:00:00+02:00,126.78
2026-04-03T10:15:00+02:00,95.78
2026-04-03T10:30:00+02:00,64.66
2026-04-03T10:45:00+02:00,55.12
2026-04-03T11:00:00+02:00,72.0
2026-04-03T11:15:00+02:00,60.0
2026-04-03T11:30:00+02:00,49.07
2026-04-03T11:45:00+02:00,30.76
2026-04-03T12:00:00+02:00,48.59
2026-04-03T12:15:00+02:00,31.06
2026-04-03T12:30:00+02:00,19.79
2026-04-03T12:45:00+02:00,8.6
2026-04-03T13:00:00+02:00,19.08
2026-04-03T13:15:00+02:00,11.64
2026-04-03T13:30:00+02:00,7.7
2026-04-03T13:45:00+02:00,1.36
2026-04-03T14:00:00+02:00,4.5
2026-04-03T14:15:00+02:00,1.91
2026-04-03T14:30:00+02:00,0.1
2026-04-03T14:45:00+02:00,0.1
2026-04-03T15:00:00+02:00,0.0
2026-04-03T15:15:00+02:00,0.1
2026-04-03T15:30:00+02:00,3.0
2026-04-03T15:45:00+02:00,9.1
2026-04-03T16:00:00+02:00,2.62
2026-04-03T16:15:00+02:00,11.81
2026-04-03T16:30:00+02:00,32.64
2026-04-03T16:45:00+02:00,48.7
2026-04-03T17:00:00+02:00,43.35
2026-04-03T17:15:00+02:00,62.51
2026-04-03T17:30:00+02:00,73.99
2026-04-03T17:45:00+02:00,87.34
2026-04-03T18:00:00+02:00,77.03
2026-04-03T18:15:00+02:00,86.17
2026-04-03T18:30:00+02:00,93.29
2026-04-03T18:45:00+02:00,99.4
2026-04-03T19:00:00+02:00,96.85
2026-04-03T19:15:00+02:00,98.88
2026-04-03T19:30:00+02:00,101.61
2026-04-03T19:45:00+02:00,100.22
2026-04-03T20:00:00+02:00,103.64
2026-04-03T20:15:00+02:00,101.08
2026-04-03T20:30:00+02:00,94.07
2026-04-03T20:45:00+02:00,86.56
2026-04-03T21:00:00+02:00,94.01
2026-04-03T21:15:00+02:00,87.76
2026-04-03T21:30:00+02:00,79.06
2026-04-03T21:45:00+02:00,75.98
2026-04-03T22:00:00+02:00,89.35
2026-04-03T22:15:00+02:00,80.05
2026-04-03T22:30:00+02:00,79.98
2026-04-03T22:45:00+02:00,75.74
2026-04-03T23:00:00+02:00,78.19
2026-04-03T23:15:00+02:00,63.14
2026-04-03T23:30:00+02:00,50.49
2026-04-03T23:45:00+02:00,50.53
2026-04-04T00:00:00+02:00,12.44
2026-04-04T00:15:00+02:00,17.35
2026-04-04T00:30:00+02:00,4.76
2026-04-04T00:45:00+02:00,4.36
2026-04-04T01:00:00+02:00,14.23
2026-04-04T01:15:00+02:00,10.08
2026-04-04T01:30:00+02:00,9.26
2026-04-04T01:45:00+02:00,2.25
2026-04-04T02:00:00+02:00,10.73
2026-04-04T02:15:00+02:00,7.09
2026-04-04T02:30:00+02:00,3.81
2026-04-04T02:45:00+02:00,4.1
2026-04-04T03:00:00+02:00,0.38
2026-04-04T03:15:00+02:00,2.97
2026-04-04T03:30:00+02:00,2.04
2026-04-04T03:45:00+02:00,2.56
2026-04-04T04:00:00+02:00,4.43
2026-04-04T04:15:00+02:00,3.39
2026-04-04T04:30:00+02:00,9.29
2026-04-04T04:45:00+02:00,8.5
2026-04-04T05:00:00+02:00,13.39
2026-04-04T05:15:00+02:00,8.95
2026-04-04T05:30:00+02:00,10.1
2026-04-04T05:45:00+02:00,14.5
2026-04-04T06:00:00+02:00,7.77
2026-04-04T06:15:00+02:00,9.91
2026-04-04T06:30:00+02:00,15.03
2026-04-04T06:45:00+02:00,20.74
2026-04-04T07:00:00+02:00,19.9
2026-04-04T07:15:00+02:00,18.37
2026-04-04T07:30:00+02:00,23.46
2026-04-04T07:45:00+02:00,15.34
2026-04-04T08:00:00+02:00,21.88
2026-04-04T08:15:00+02:00,19.97
2026-04-04T08:30:00+02:00,16.03
2026-04-04T08:45:00+02:00,8.9
2026-04-04T09:00:00+02:00,12.98
2026-04-04T09:15:00+02:00,6.45
2026-04-04T09:30:00+02:00,4.51
2026-04-04T09:45:00+02:00,2.46
2026-04-04T10:00:00+02:00,3.94
2026-04-04T10:15:00+02:00,2.0
2026-04-04T10:30:00+02:00,1.3
2026-04-04T10:45:00+02:00,0.0
2026-04-04T11:00:00+02:00,0.0
2026-04-04T11:15:00+02:00,-0.01
2026-04-04T11:30:00+02:00,-0.01
2026-04-04T11:45:00+02:00,-0.02
2026-04-04T12:00:00+02:00,-0.06
2026-04-04T12:15:00+02:00,-0.62
2026-04-04T12:30:00+02:00,-0.26
2026-04-04T12:45:00+02:00,-0.05
2026-04-04T13:00:00+02:00,-0.04
2026-04-04T13:15:00+02:00,-0.04
2026-04-04T13:30:00+02:00,-0.03
2026-04-04T13:45:00+02:00,-0.03
2026-04-04T14:00:00+02:00,-0.03
2026-04-04T14:15:00+02:00,-0.02
2026-04-04T14:30:00+02:00,-0.01
2026-04-04T14:45:00+02:00,-0.01
2026-04-04T15:00:00+02:00,-0.01
2026-04-04T15:15:00+02:00,0.0
2026-04-04T15:30:00+02:00,0.0
2026-04-04T15:45:00+02:00,0.11
2026-04-04T16:00:00+02:00,0.0
2026-04-04T16:15:00+02:00,2.74
2026-04-04T16:30:00+02:00,6.63
2026-04-04T16:45:00+02:00,33.39
2026-04-04T17:00:00+02:00,13.39
2026-04-04T17:15:00+02:00,47.95
2026-04-04T17:30:00+02:00,91.14
2026-04-04T17:45:00+02:00,98.46
2026-04-04T18:00:00+02:00,61.62
2026-04-04T18:15:00+02:00,93.37
2026-04-04T18:30:00+02:00,120.98
2026-04-04T18:45:00+02:00,162.41
2026-04-04T19:00:00+02:00,127.98
2026-04-04T19:15:00+02:00,137.08
2026-04-04T19:30:00+02:00,165.87
2026-04-04T19:45:00+02:00,168.56
2026-04-04T20:00:00+02:00,174.95
2026-04-04T20:15:00+02:00,136.01
2026-04-04T20:30:00+02:00,127.14
2026-04-04T20:45:00+02:00,104.86
2026-04-04T21:00:00+02:00,134.01
2026-04-04T21:15:00+02:00,106.55
2026-04-04T21:30:00+02:00,96.06
2026-04-04T21:45:00+02:00,78.73
2026-04-04T22:00:00+02:00,109.81
2026-04-04T22:15:00+02:00,79.97
2026-04-04T22:30:00+02:00,64.54
2026-04-04T22:45:00+02:00,52.91
2026-04-04T23:00:00+02:00,67.09
2026-04-04T23:15:00+02:00,44.79
2026-04-04T23:30:00+02:00,33.4
2026-04-04T23:45:00+02:00,22.05
2026-04-05T00:00:00+02:00,2.29
2026-04-05T00:15:00+02:00,1.95
2026-04-05T00:30:00+02:00,0.0
2026-04-05T00:45:00+02:00,-0.01
2026-04-05T01:00:00+02:00,0.1
2026-04-05T01:15:00+02:00,0.0
2026-04-05T01:30:00+02:00,-0.02
2026-04-05T01:45:00+02:00,-0.1
2026-04-05T02:00:00+02:00,-0.07
2026-04-05T02:15:00+02:00,-0.18
2026-04-05T02:30:00+02:00,-0.2
2026-04-05T02:45:00+02:00,-1.0
2026-04-05T03:00:00+02:00,-0.71
2026-04-05T03:15:00+02:00,-1.04
2026-04-05T03:30:00+02:00,-1.09
2026-04-05T03:45:00+02:00,-1.99
2026-04-05T04:00:00+02:00,-1.07
2026-04-05T04:15:00+02:00,-1.99
2026-04-05T04:30:00+02:00,-1.42
2026-04-05T04:45:00+02:00,-1.99
2026-04-05T05:00:00+02:00,-1.99
2026-04-05T05:15:00+02:00,-2.12
2026-04-05T05:30:00+02:00,-2.02
2026-04-05T05:45:00+02:00,-2.04
2026-04-05T06:00:00+02:00,-3.17
2026-04-05T06:15:00+02:00,-3.36
2026-04-05T06:30:00+02:00,-2.86
2026-04-05T06:45:00+02:00,-2.59
2026-04-05T07:00:00+02:00,-1.09
2026-04-05T07:15:00+02:00,-1.04
2026-04-05T07:30:00+02:00,-1.01
2026-04-05T07:45:00+02:00,-2.02
2026-04-05T08:00:00+02:00,-0.51
2026-04-05T08:15:00+02:00,-1.04
2026-04-05T08:30:00+02:00,-2.76
2026-04-05T08:45:00+02:00,-5.41
2026-04-05T09:00:00+02:00,-4.93
2026-04-05T09:15:00+02:00,-7.72
2026-04-05T09:30:00+02:00,-10.08
2026-04-05T09:45:00+02:00,-19.5
2026-04-05T10:00:00+02:00,-23.66
2026-04-05T10:15:00+02:00,-30.01
2026-04-05T10:30:00+02:00,-46.2
2026-04-05T10:45:00+02:00,-60.0
2026-04-05T11:00:00+02:00,-60.0
2026-04-05T11:15:00+02:00,-70.0
2026-04-05T11:30:00+02:00,-74.0
2026-04-05T11:45:00+02:00,-81.37
2026-04-05T12:00:00+02:00,-74.06
2026-04-05T12:15:00+02:00,-84.81
2026-04-05T12:30:00+02:00,-86.1
2026-04-05T12:45:00+02:00,-94.84
2026-04-05T13:00:00+02:00,-99.52
2026-04-05T13:15:00+02:00,-103.17
2026-04-05T13:30:00+02:00,-110.44
2026-04-05T13:45:00+02:00,-107.57
2026-04-05T14:00:00+02:00,-114.53
2026-04-05T14:15:00+02:00,-101.01
2026-04-05T14:30:00+02:00,-93.78
2026-04-05T14:45:00+02:00,-85.5
2026-04-05T15:00:00+02:00,-80.0
2026-04-05T15:15:00+02:00,-73.74
2026-04-05T15:30:00+02:00,-63.93
2026-04-05T15:45:00+02:00,-49.96
2026-04-05T16:00:00+02:00,-49.93
2026-04-05T16:15:00+02:00,-30.0
2026-04-05T16:30:00+02:00,-24.96
2026-04-05T16:45:00+02:00,-15.03
2026-04-05T17:00:00+02:00,-14.99
2026-04-05T17:15:00+02:00,-6.82
2026-04-05T17:30:00+02:00,-3.45
2026-04-05T17:45:00+02:00,-1.09
2026-04-05T18:00:00+02:00,-2.14
2026-04-05T18:15:00+02:00,-0.92
2026-04-05T18:30:00+02:00,0.0
2026-04-05T18:45:00+02:00,2.65
2026-04-05T19:00:00+02:00,4.5
2026-04-05T19:15:00+02:00,14.01
2026-04-05T19:30:00+02:00,29.91
2026-04-05T19:45:00+02:00,31.75
2026-04-05T20:00:00+02:00,29.87
2026-04-05T20:15:00+02:00,32.61
2026-04-05T20:30:00+02:00,34.72
2026-04-05T20:45:00+02:00,36.2
2026-04-05T21:00:00+02:00,36.33
2026-04-05T21:15:00+02:00,33.07
2026-04-05T21:30:00+02:00,31.4
2026-04-05T21:45:00+02:00,20.02
2026-04-05T22:00:00+02:00,35.72
2026-04-05T22:15:00+02:00,30.95
2026-04-05T22:30:00+02:00,32.92
2026-04-05T22:45:00+02:00,21.92
2026-04-05T23:00:00+02:00,34.15
2026-04-05T23:15:00+02:00,22.28
2026-04-05T23:30:00+02:00,12.96
2026-04-05T23:45:00+02:00,6.7
2026-04-06T00:00:00+02:00,3.99
2026-04-06T00:15:00+02:00,3.95
2026-04-06T00:30:00+02:00,2.47
2026-04-06T00:45:00+02:00,2.55
2026-04-06T01:00:00+02:00,3.18
2026-04-06T01:15:00+02:00,2.45
2026-04-06T01:30:00+02:00,1.59
2026-04-06T01:45:00+02:00,0.72
2026-04-06T02:00:00+02:00,1.61
2026-04-06T02:15:00+02:00,1.17
2026-04-06T02:30:00+02:00,0.9
2026-04-06T02:45:00+02:00,0.48
2026-04-06T03:00:00+02:00,1.38
2026-04-06T03:15:00+02:00,1.34
2026-04-06T03:30:00+02:00,1.36
2026-04-06T03:45:00+02:00,1.36
2026-04-06T04:00:00+02:00,0.66
2026-04-06T04:15:00+02:00,0.99
2026-04-06T04:30:00+02:00,1.59
2026-04-06T04:45:00+02:00,1.0
2026-04-06T05:00:00+02:00,2.49
2026-04-06T05:15:00+02:00,2.5
2026-04-06T05:30:00+02:00,2.11
2026-04-06T05:45:00+02:00,1.34
2026-04-06T06:00:00+02:00,2.44
2026-04-06T06:15:00+02:00,2.12
2026-04-06T06:30:00+02:00,2.07
2026-04-06T06:45:00+02:00,1.31
2026-04-06T07:00:00+02:00,2.44
2026-04-06T07:15:00+02:00,1.56
2026-04-06T07:30:00+02:00,1.33
2026-04-06T07:45:00+02:00,0.0
2026-04-06T08:00:00+02:00,-0.01
2026-04-06T08:15:00+02:00,-0.02
2026-04-06T08:30:00+02:00,-1.01
2026-04-06T08:45:00+02:00,-2.73
2026-04-06T09:00:00+02:00,-6.1
2026-04-06T09:15:00+02:00,-9.95
2026-04-06T09:30:00+02:00,-13.36
2026-04-06T09:45:00+02:00,-15.01
2026-04-06T10:00:00+02:00,-15.01
2026-04-06T10:15:00+02:00,-19.98
2026-04-06T10:30:00+02:00,-26.6
2026-04-06T10:45:00+02:00,-42.42
2026-04-06T11:00:00+02:00,-41.7
2026-04-06T11:15:00+02:00,-55.01
2026-04-06T11:30:00+02:00,-68.34
2026-04-06T11:45:00+02:00,-73.99
2026-04-06T12:00:00+02:00,-53.05
2026-04-06T12:15:00+02:00,-82.77
2026-04-06T12:30:00+02:00,-87.42
2026-04-06T12:45:00+02:00,-94.82
2026-04-06T13:00:00+02:00,-105.25
2026-04-06T13:15:00+02:00,-116.16
2026-04-06T13:30:00+02:00,-134.09
2026-04-06T13:45:00+02:00,-147.05
2026-04-06T14:00:00+02:00,-136.89
2026-04-06T14:15:00+02:00,-127.89
2026-04-06T14:30:00+02:00,-123.06
2026-04-06T14:45:00+02:00,-106.3
2026-04-06T15:00:00+02:00,-114.53
2026-04-06T15:15:00+02:00,-90.0
2026-04-06T15:30:00+02:00,-74.0
2026-04-06T15:45:00+02:00,-59.94
2026-04-06T16:00:00+02:00,-59.0
2026-04-06T16:15:00+02:00,-33.0
2026-04-06T16:30:00+02:00,-15.87
2026-04-06T16:45:00+02:00,-7.01
2026-04-06T17:00:00+02:00,-13.29
2026-04-06T17:15:00+02:00,-6.58
2026-04-06T17:30:00+02:00,-3.33
2026-04-06T17:45:00+02:00,0.76
2026-04-06T18:00:00+02:00,0.0
2026-04-06T18:15:00+02:00,9.99
2026-04-06T18:30:00+02:00,73.31
2026-04-06T18:45:00+02:00,111.2
2026-04-06T19:00:00+02:00,93.45
2026-04-06T19:15:00+02:00,110.02
2026-04-06T19:30:00+02:00,111.45
2026-04-06T19:45:00+02:00,115.83
2026-04-06T20:00:00+02:00,117.57
2026-04-06T20:15:00+02:00,117.29
2026-04-06T20:30:00+02:00,117.27
2026-04-06T20:45:00+02:00,111.89
2026-04-06T21:00:00+02:00,111.08
2026-04-06T21:15:00+02:00,111.01
2026-04-06T21:30:00+02:00,108.59
2026-04-06T21:45:00+02:00,106.21
2026-04-06T22:00:00+02:00,121.5
2026-04-06T22:15:00+02:00,117.35
2026-04-06T22:30:00+02:00,111.76
2026-04-06T22:45:00+02:00,104.78
2026-04-06T23:00:00+02:00,116.59
2026-04-06T23:15:00+02:00,110.63
2026-04-06T23:30:00+02:00,106.81
2026-04-06T23:45:00+02:00,101.19
2026-04-07T00:00:00+02:00,107.54
2026-04-07T00:15:00+02:00,107.23
2026-04-07T00:30:00+02:00,107.19
2026-04-07T00:45:00+02:00,103.64
2026-04-07T01:00:00+02:00,104.28
2026-04-07T01:15:00+02:00,101.74
2026-04-07T01:30:00+02:00,100.63
2026-04-07T01:45:00+02:00,98.53
2026-04-07T02:00:00+02:00,102.44
2026-04-07T02:15:00+02:00,101.96
2026-04-07T02:30:00+02:00,101.25
2026-04-07T02:45:00+02:00,100.94
2026-04-07T03:00:00+02:00,101.96
2026-04-07T03:15:00+02:00,101.63
2026-04-07T03:30:00+02:00,102.24
2026-04-07T03:45:00+02:00,103.29
2026-04-07T04:00:00+02:00,100.28
2026-04-07T04:15:00+02:00,103.31
2026-04-07T04:30:00+02:00,103.5
2026-04-07T04:45:00+02:00,113.45
2026-04-07T05:00:00+02:00,109.39
2026-04-07T05:15:00+02:00,109.21
2026-04-07T05:30:00+02:00,124.0
2026-04-07T05:45:00+02:00,128.47
2026-04-07T06:00:00+02:00,118.59
2026-04-07T06:15:00+02:00,138.13
2026-04-07T06:30:00+02:00,149.94
2026-04-07T06:45:00+02:00,168.99
2026-04-07T07:00:00+02:00,210.34
2026-04-07T07:15:00+02:00,204.84
2026-04-07T07:30:00+02:00,169.23
2026-04-07T07:45:00+02:00,128.64
2026-04-07T08:00:00+02:00,198.98
2026-04-07T08:15:00+02:00,137.87
2026-04-07T08:30:00+02:00,101.59
2026-04-07T08:45:00+02:00,72.99
2026-04-07T09:00:00+02:00,128.73
2026-04-07T09:15:00+02:00,88.41
2026-04-07T09:30:00+02:00,71.0
2026-04-07T09:45:00+02:00,39.07
2026-04-07T10:00:00+02:00,69.3
2026-04-07T10:15:00+02:00,27.59
2026-04-07T10:30:00+02:00,2.67
2026-04-07T10:45:00+02:00,-0.01
2026-04-07T11:00:00+02:00,1.06
2026-04-07T11:15:00+02:00,0.0
2026-04-07T11:30:00+02:00,-0.09
2026-04-07T11:45:00+02:00,-1.0
2026-04-07T12:00:00+02:00,-0.2
2026-04-07T12:15:00+02:00,-1.99
2026-04-07T12:30:00+02:00,-4.74
2026-04-07T12:45:00+02:00,-5.11
2026-04-07T13:00:00+02:00,-6.1
2026-04-07T13:15:00+02:00,-9.94
2026-04-07T13:30:00+02:00,-14.06
2026-04-07T13:45:00+02:00,-15.05
2026-04-07T14:00:00+02:00,-15.07
2026-04-07T14:15:00+02:00,-14.65
2026-04-07T14:30:00+02:00,-10.09
2026-04-07T14:45:00+02:00,-5.11
2026-04-07T15:00:00+02:00,-12.27
2026-04-07T15:15:00+02:00,-4.3
2026-04-07T15:30:00+02:00,-0.24
2026-04-07T15:45:00+02:00,-0.01
2026-04-07T16:00:00+02:00,-1.42
2026-04-07T16:15:00+02:00,-0.01
2026-04-07T16:30:00+02:00,0.01
2026-04-07T16:45:00+02:00,16.62
2026-04-07T17:00:00+02:00,11.59
2026-04-07T17:15:00+02:00,69.85
2026-04-07T17:30:00+02:00,102.65
2026-04-07T17:45:00+02:00,135.52
2026-04-07T18:00:00+02:00,91.25
2026-04-07T18:15:00+02:00,124.79
2026-04-07T18:30:00+02:00,140.68
2026-04-07T18:45:00+02:00,195.26
2026-04-07T19:00:00+02:00,148.71
2026-04-07T19:15:00+02:00,179.96
2026-04-07T19:30:00+02:00,218.59
2026-04-07T19:45:00+02:00,228.85
2026-04-07T20:00:00+02:00,228.39
2026-04-07T20:15:00+02:00,213.51
2026-04-07T20:30:00+02:00,171.11
2026-04-07T20:45:00+02:00,142.52
2026-04-07T21:00:00+02:00,172.55
2026-04-07T21:15:00+02:00,145.31
2026-04-07T21:30:00+02:00,137.21
2026-04-07T21:45:00+02:00,120.94
2026-04-07T22:00:00+02:00,135.5
2026-04-07T22:15:00+02:00,129.01
2026-04-07T22:30:00+02:00,130.55
2026-04-07T22:45:00+02:00,120.98
2026-04-07T23:00:00+02:00,127.88
2026-04-07T23:15:00+02:00,117.72
2026-04-07T23:30:00+02:00,114.54
2026-04-07T23:45:00+02:00,112.66
2026-04-08T00:00:00+02:00,115.57
2026-04-08T00:15:00+02:00,108.22
2026-04-08T00:30:00+02:00,103.78
2026-04-08T00:45:00+02:00,101.11
2026-04-08T01:00:00+02:00,103.93
2026-04-08T01:15:00+02:00,103.0
2026-04-08T01:30:00+02:00,101.59
2026-04-08T01:45:00+02:00,100.32
2026-04-08T02:00:00+02:00,101.98
2026-04-08T02:15:00+02:00,100.09
2026-04-08T02:30:00+02:00,100.37
2026-04-08T02:45:00+02:00,100.84
2026-04-08T03:00:00+02:00,102.32
2026-04-08T03:15:00+02:00,102.38
2026-04-08T03:30:00+02:00,103.94
2026-04-08T03:45:00+02:00,105.35
2026-04-08T04:00:00+02:00,102.32
2026-04-08T04:15:00+02:00,104.68
2026-04-08T04:30:00+02:00,109.38
2026-04-08T04:45:00+02:00,113.67
2026-04-08T05:00:00+02:00,103.84
2026-04-08T05:15:00+02:00,112.3
2026-04-08T05:30:00+02:00,117.89
2026-04-08T05:45:00+02:00,133.68
2026-04-08T06:00:00+02:00,123.39
2026-04-08T06:15:00+02:00,141.24
2026-04-08T06:30:00+02:00,164.68
2026-04-08T06:45:00+02:00,169.87
2026-04-08T07:00:00+02:00,186.79
2026-04-08T07:15:00+02:00,184.81
2026-04-08T07:30:00+02:00,168.0
2026-04-08T07:45:00+02:00,135.59
2026-04-08T08:00:00+02:00,185.94
2026-04-08T08:15:00+02:00,141.77
2026-04-08T08:30:00+02:00,127.79
2026-04-08T08:45:00+02:00,98.53
2026-04-08T09:00:00+02:00,134.37
2026-04-08T09:15:00+02:00,105.99
2026-04-08T09:30:00+02:00,87.5
2026-04-08T09:45:00+02:00,61.94
2026-04-08T10:00:00+02:00,102.36
2026-04-08T10:15:00+02:00,75.99
2026-04-08T10:30:00+02:00,26.13
2026-04-08T10:45:00+02:00,0.0
2026-04-08T11:00:00+02:00,5.9
2026-04-08T11:15:00+02:00,-0.01
2026-04-08T11:30:00+02:00,-1.09
2026-04-08T11:45:00+02:00,-5.0
2026-04-08T12:00:00+02:00,-5.3
2026-04-08T12:15:00+02:00,-18.71
2026-04-08T12:30:00+02:00,-21.57
2026-04-08T12:45:00+02:00,-29.73
2026-04-08T13:00:00+02:00,-26.72
2026-04-08T13:15:00+02:00,-30.91
2026-04-08T13:30:00+02:00,-33.56
2026-04-08T13:45:00+02:00,-39.93
2026-04-08T14:00:00+02:00,-34.0
2026-04-08T14:15:00+02:00,-33.0
2026-04-08T14:30:00+02:00,-29.99
2026-04-08T14:45:00+02:00,-21.95
2026-04-08T15:00:00+02:00,-23.03
2026-04-08T15:15:00+02:00,-18.1
2026-04-08T15:30:00+02:00,-10.4
2026-04-08T15:45:00+02:00,-1.09
2026-04-08T16:00:00+02:00,-5.89
2026-04-08T16:15:00+02:00,-0.01
2026-04-08T16:30:00+02:00,1.36
2026-04-08T16:45:00+02:00,57.95
2026-04-08T17:00:00+02:00,30.08
2026-04-08T17:15:00+02:00,85.64
2026-04-08T17:30:00+02:00,113.24
2026-04-08T17:45:00+02:00,138.54
2026-04-08T18:00:00+02:00,109.9
2026-04-08T18:15:00+02:00,126.08
2026-04-08T18:30:00+02:00,137.92
2026-04-08T18:45:00+02:00,163.09
2026-04-08T19:00:00+02:00,145.95
2026-04-08T19:15:00+02:00,167.02
2026-04-08T19:30:00+02:00,181.67
2026-04-08T19:45:00+02:00,185.39
2026-04-08T20:00:00+02:00,201.01
2026-04-08T20:15:00+02:00,163.56
2026-04-08T20:30:00+02:00,142.67
2026-04-08T20:45:00+02:00,134.97
2026-04-08T21:00:00+02:00,154.93
2026-04-08T21:15:00+02:00,141.68
2026-04-08T21:30:00+02:00,134.8
2026-04-08T21:45:00+02:00,117.0
2026-04-08T22:00:00+02:00,127.3
2026-04-08T22:15:00+02:00,122.59
2026-04-08T22:30:00+02:00,121.16
2026-04-08T22:45:00+02:00,114.52
2026-04-08T23:00:00+02:00,117.37
2026-04-08T23:15:00+02:00,110.95
2026-04-08T23:30:00+02:00,107.75
2026-04-08T23:45:00+02:00,101.83
2026-04-09T00:00:00+02:00,109.56
2026-04-09T00:15:00+02:00,105.54
2026-04-09T00:30:00+02:00,103.09
2026-04-09T00:45:00+02:00,101.4
2026-04-09T01:00:00+02:00,101.87
2026-04-09T01:15:00+02:00,101.42
2026-04-09T01:30:00+02:00,100.8
2026-04-09T01:45:00+02:00,100.32
2026-04-09T02:00:00+02:00,100.81
2026-04-09T02:15:00+02:00,100.81
2026-04-09T02:30:00+02:00,101.2
2026-04-09T02:45:00+02:00,101.56
2026-04-09T03:00:00+02:00,100.74
2026-04-09T03:15:00+02:00,101.5
2026-04-09T03:30:00+02:00,101.95
2026-04-09T03:45:00+02:00,103.26
2026-04-09T04:00:00+02:00,99.8
2026-04-09T04:15:00+02:00,102.4
2026-04-09T04:30:00+02:00,105.36
2026-04-09T04:45:00+02:00,112.84
2026-04-09T05:00:00+02:00,105.09
2026-04-09T05:15:00+02:00,110.32
2026-04-09T05:30:00+02:00,119.61
2026-04-09T05:45:00+02:00,128.47
2026-04-09T06:00:00+02:00,118.55
2026-04-09T06:15:00+02:00,131.63
2026-04-09T06:30:00+02:00,142.8
2026-04-09T06:45:00+02:00,148.2
2026-04-09T07:00:00+02:00,156.25
2026-04-09T07:15:00+02:00,154.83
2026-04-09T07:30:00+02:00,146.39
2026-04-09T07:45:00+02:00,128.93
2026-04-09T08:00:00+02:00,158.75
2026-04-09T08:15:00+02:00,135.8
2026-04-09T08:30:00+02:00,119.69
2026-04-09T08:45:00+02:00,98.12
2026-04-09T09:00:00+02:00,131.7
2026-04-09T09:15:00+02:00,108.58
2026-04-09T09:30:00+02:00,89.56
2026-04-09T09:45:00+02:00,68.86
2026-04-09T10:00:00+02:00,88.44
2026-04-09T10:15:00+02:00,74.85
2026-04-09T10:30:00+02:00,47.09
2026-04-09T10:45:00+02:00,9.61
2026-04-09T11:00:00+02:00,4.83
2026-04-09T11:15:00+02:00,0.01
2026-04-09T11:30:00+02:00,0.0
2026-04-09T11:45:00+02:00,-0.01
2026-04-09T12:00:00+02:00,-0.01
2026-04-09T12:15:00+02:00,-0.1
2026-04-09T12:30:00+02:00,-1.09
2026-04-09T12:45:00+02:00,-2.92
2026-04-09T13:00:00+02:00,-3.0
2026-04-09T13:15:00+02:00,-5.16
2026-04-09T13:30:00+02:00,-9.96
2026-04-09T13:45:00+02:00,-13.34
2026-04-09T14:00:00+02:00,-10.25
2026-04-09T14:15:00+02:00,-9.99
2026-04-09T14:30:00+02:00,-7.17
2026-04-09T14:45:00+02:00,-5.14
2026-04-09T15:00:00+02:00,-2.99
2026-04-09T15:15:00+02:00,-1.2
2026-04-09T15:30:00+02:00,-0.93
2026-04-09T15:45:00+02:00,-0.09
2026-04-09T16:00:00+02:00,-0.01
2026-04-09T16:15:00+02:00,3.68
2026-04-09T16:30:00+02:00,33.41
2026-04-09T16:45:00+02:00,71.24
2026-04-09T17:00:00+02:00,27.4
2026-04-09T17:15:00+02:00,77.85
2026-04-09T17:30:00+02:00,100.71
2026-04-09T17:45:00+02:00,124.15
2026-04-09T18:00:00+02:00,90.66
2026-04-09T18:15:00+02:00,111.65
2026-04-09T18:30:00+02:00,126.24
2026-04-09T18:45:00+02:00,132.87
2026-04-09T19:00:00+02:00,129.26
2026-04-09T19:15:00+02:00,132.5
2026-04-09T19:30:00+02:00,143.54
2026-04-09T19:45:00+02:00,143.37
2026-04-09T20:00:00+02:00,154.12
2026-04-09T20:15:00+02:00,129.49
2026-04-09T20:30:00+02:00,119.65
2026-04-09T20:45:00+02:00,106.04
2026-04-09T21:00:00+02:00,131.9
2026-04-09T21:15:00+02:00,120.15
2026-04-09T21:30:00+02:00,105.48
2026-04-09T21:45:00+02:00,86.27
2026-04-09T22:00:00+02:00,109.52
2026-04-09T22:15:00+02:00,104.84
2026-04-09T22:30:00+02:00,98.23
2026-04-09T22:45:00+02:00,88.33
2026-04-09T23:00:00+02:00,90.31
2026-04-09T23:15:00+02:00,85.51
2026-04-09T23:30:00+02:00,79.69
2026-04-09T23:45:00+02:00,68.7
2026-04-10T00:00:00+02:00,85.57
2026-04-10T00:15:00+02:00,81.9
2026-04-10T00:30:00+02:00,80.25
2026-04-10T00:45:00+02:00,79.8
2026-04-10T01:00:00+02:00,81.0
2026-04-10T01:15:00+02:00,79.86
2026-04-10T01:30:00+02:00,78.42
2026-04-10T01:45:00+02:00,78.0
2026-04-10T02:00:00+02:00,81.11
2026-04-10T02:15:00+02:00,78.58
2026-04-10T02:30:00+02:00,78.45
2026-04-10T02:45:00+02:00,77.18
2026-04-10T03:00:00+02:00,78.49
2026-04-10T03:15:00+02:00,78.71
2026-04-10T03:30:00+02:00,78.94
2026-04-10T03:45:00+02:00,78.07
2026-04-10T04:00:00+02:00,78.27
2026-04-10T04:15:00+02:00,80.58
2026-04-10T04:30:00+02:00,80.84
2026-04-10T04:45:00+02:00,84.8
2026-04-10T05:00:00+02:00,81.92
2026-04-10T05:15:00+02:00,88.08
2026-04-10T05:30:00+02:00,86.61
2026-04-10T05:45:00+02:00,98.46
2026-04-10T06:00:00+02:00,89.88
2026-04-10T06:15:00+02:00,118.01
2026-04-10T06:30:00+02:00,116.62
2026-04-10T06:45:00+02:00,124.12
2026-04-10T07:00:00+02:00,127.41
2026-04-10T07:15:00+02:00,129.2
2026-04-10T07:30:00+02:00,126.21
2026-04-10T07:45:00+02:00,122.93
2026-04-10T08:00:00+02:00,132.29
2026-04-10T08:15:00+02:00,127.2
2026-04-10T08:30:00+02:00,123.01
2026-04-10T08:45:00+02:00,110.14
2026-04-10T09:00:00+02:00,131.18
2026-04-10T09:15:00+02:00,119.53
2026-04-10T09:30:00+02:00,117.11
2026-04-10T09:45:00+02:00,109.24
2026-04-10T10:00:00+02:00,118.68
2026-04-10T10:15:00+02:00,110.78
2026-04-10T10:30:00+02:00,111.0
2026-04-10T10:45:00+02:00,98.9
2026-04-10T11:00:00+02:00,110.21
2026-04-10T11:15:00+02:00,102.57
2026-04-10T11:30:00+02:00,100.18
2026-04-10T11:45:00+02:00,99.0
2026-04-10T12:00:00+02:00,95.48
2026-04-10T12:15:00+02:00,88.48
2026-04-10T12:30:00+02:00,96.02
2026-04-10T12:45:00+02:00,88.38
2026-04-10T13:00:00+02:00,96.11
2026-04-10T13:15:00+02:00,87.94
2026-04-10T13:30:00+02:00,84.89
2026-04-10T13:45:00+02:00,86.81
2026-04-10T14:00:00+02:00,87.91
2026-04-10T14:15:00+02:00,85.68
2026-04-10T14:30:00+02:00,88.06
2026-04-10T14:45:00+02:00,87.95
2026-04-10T15:00:00+02:00,86.52
2026-04-10T15:15:00+02:00,94.04
2026-04-10T15:30:00+02:00,97.13
2026-04-10T15:45:00+02:00,98.38
2026-04-10T16:00:00+02:00,94.6
2026-04-10T16:15:00+02:00,104.03
2026-04-10T16:30:00+02:00,112.85
2026-04-10T16:45:00+02:00,123.64
2026-04-10T17:00:00+02:00,110.2
2026-04-10T17:15:00+02:00,123.0
2026-04-10T17:30:00+02:00,131.13
2026-04-10T17:45:00+02:00,156.08
2026-04-10T18:00:00+02:00,128.1
2026-04-10T18:15:00+02:00,134.44
2026-04-10T18:30:00+02:00,154.01
2026-04-10T18:45:00+02:00,204.61
2026-04-10T19:00:00+02:00,165.53
2026-04-10T19:15:00+02:00,193.17
2026-04-10T19:30:00+02:00,237.77
2026-04-10T19:45:00+02:00,314.6
2026-04-10T20:00:00+02:00,272.0
2026-04-10T20:15:00+02:00,259.0
2026-04-10T20:30:00+02:00,239.53
2026-04-10T20:45:00+02:00,209.93
2026-04-10T21:00:00+02:00,215.66
2026-04-10T21:15:00+02:00,177.03
2026-04-10T21:30:00+02:00,167.0
2026-04-10T21:45:00+02:00,146.22
2026-04-10T22:00:00+02:00,168.53
2026-04-10T22:15:00+02:00,152.51
2026-04-10T22:30:00+02:00,144.06
2026-04-10T22:45:00+02:00,132.12
2026-04-10T23:00:00+02:00,137.88
2026-04-10T23:15:00+02:00,132.3
2026-04-10T23:30:00+02:00,132.29
2026-04-10T23:45:00+02:00,125.37
2026-04-11T00:00:00+02:00,147.15
2026-04-11T00:15:00+02:00,136.26
2026-04-11T00:30:00+02:00,129.36
2026-04-11T00:45:00+02:00,123.29
2026-04-11T01:00:00+02:00,127.94
2026-04-11T01:15:00+02:00,123.91
2026-04-11T01:30:00+02:00,115.78
2026-04-11T01:45:00+02:00,114.9
2026-04-11T02:00:00+02:00,116.62
2026-04-11T02:15:00+02:00,114.05
2026-04-11T02:30:00+02:00,114.14
2026-04-11T02:45:00+02:00,112.72
2026-04-11T03:00:00+02:00,114.99
2026-04-11T03:15:00+02:00,113.25
2026-04-11T03:30:00+02:00,112.32
2026-04-11T03:45:00+02:00,108.84
2026-04-11T04:00:00+02:00,113.01
2026-04-11T04:15:00+02:00,112.06
2026-04-11T04:30:00+02:00,111.08
2026-04-11T04:45:00+02:00,107.2
2026-04-11T05:00:00+02:00,111.76
2026-04-11T05:15:00+02:00,107.76
2026-04-11T05:30:00+02:00,107.53
2026-04-11T05:45:00+02:00,106.39
2026-04-11T06:00:00+02:00,107.42
2026-04-11T06:15:00+02:00,108.66
2026-04-11T06:30:00+02:00,108.46
2026-04-11T06:45:00+02:00,101.88
2026-04-11T07:00:00+02:00,110.3
2026-04-11T07:15:00+02:00,105.7
2026-04-11T07:30:00+02:00,90.49
2026-04-11T07:45:00+02:00,66.46
2026-04-11T08:00:00+02:00,103.62
2026-04-11T08:15:00+02:00,87.41
2026-04-11T08:30:00+02:00,63.77
2026-04-11T08:45:00+02:00,23.64
2026-04-11T09:00:00+02:00,55.81
2026-04-11T09:15:00+02:00,22.46
2026-04-11T09:30:00+02:00,8.0
2026-04-11T09:45:00+02:00,0.01
2026-04-11T10:00:00+02:00,7.73
2026-04-11T10:15:00+02:00,0.0
2026-04-11T10:30:00+02:00,-1.01
2026-04-11T10:45:00+02:00,-7.35
2026-04-11T11:00:00+02:00,-1.0
2026-04-11T11:15:00+02:00,-2.17
2026-04-11T11:30:00+02:00,-9.99
2026-04-11T11:45:00+02:00,-20.07
2026-04-11T12:00:00+02:00,-20.09
2026-04-11T12:15:00+02:00,-39.93
2026-04-11T12:30:00+02:00,-42.74
2026-04-11T12:45:00+02:00,-58.25
2026-04-11T13:00:00+02:00,-70.01
2026-04-11T13:15:00+02:00,-74.74
2026-04-11T13:30:00+02:00,-84.8
2026-04-11T13:45:00+02:00,-90.31
2026-04-11T14:00:00+02:00,-82.01
2026-04-11T14:15:00+02:00,-79.75
2026-04-11T14:30:00+02:00,-74.99
2026-04-11T14:45:00+02:00,-73.79
2026-04-11T15:00:00+02:00,-63.01
2026-04-11T15:15:00+02:00,-50.3
2026-04-11T15:30:00+02:00,-40.0
2026-04-11T15:45:00+02:00,-30.0
2026-04-11T16:00:00+02:00,-29.93
2026-04-11T16:15:00+02:00,-15.0
2026-04-11T16:30:00+02:00,-8.3
2026-04-11T16:45:00+02:00,-9.96
2026-04-11T17:00:00+02:00,-4.1
2026-04-11T17:15:00+02:00,-3.0
2026-04-11T17:30:00+02:00,-0.55
2026-04-11T17:45:00+02:00,4.79
2026-04-11T18:00:00+02:00,2.38
2026-04-11T18:15:00+02:00,37.1
2026-04-11T18:30:00+02:00,60.41
2026-04-11T18:45:00+02:00,74.9
2026-04-11T19:00:00+02:00,68.11
2026-04-11T19:15:00+02:00,75.32
2026-04-11T19:30:00+02:00,76.99
2026-04-11T19:45:00+02:00,74.85
2026-04-11T20:00:00+02:00,86.19
2026-04-11T20:15:00+02:00,70.09
2026-04-11T20:30:00+02:00,74.95
2026-04-11T20:45:00+02:00,67.92
2026-04-11T21:00:00+02:00,67.99
2026-04-11T21:15:00+02:00,66.94
2026-04-11T21:30:00+02:00,63.0
2026-04-11T21:45:00+02:00,63.0
2026-04-11T22:00:00+02:00,69.97
2026-04-11T22:15:00+02:00,71.04
2026-04-11T22:30:00+02:00,70.51
2026-04-11T22:45:00+02:00,62.99
2026-04-11T23:00:00+02:00,70.01
2026-04-11T23:15:00+02:00,70.05
2026-04-11T23:30:00+02:00,69.13
2026-04-11T23:45:00+02:00,65.31
2026-04-12T00:00:00+02:00,70.01
2026-04-12T00:15:00+02:00,71.02
2026-04-12T00:30:00+02:00,75.15
2026-04-12T00:45:00+02:00,73.91
2026-04-12T01:00:00+02:00,77.1
2026-04-12T01:15:00+02:00,73.27
2026-04-12T01:30:00+02:00,76.21
2026-04-12T01:45:00+02:00,79.71
2026-04-12T02:00:00+02:00,77.47
2026-04-12T02:15:00+02:00,80.11
2026-04-12T02:30:00+02:00,80.68
2026-04-12T02:45:00+02:00,83.43
2026-04-12T03:00:00+02:00,82.4
2026-04-12T03:15:00+02:00,85.59
2026-04-12T03:30:00+02:00,84.93
2026-04-12T03:45:00+02:00,88.12
2026-04-12T04:00:00+02:00,91.29
2026-04-12T04:15:00+02:00,93.06
2026-04-12T04:30:00+02:00,96.18
2026-04-12T04:45:00+02:00,99.88
2026-04-12T05:00:00+02:00,95.62
2026-04-12T05:15:00+02:00,99.34
2026-04-12T05:30:00+02:00,99.31
2026-04-12T05:45:00+02:00,97.93
2026-04-12T06:00:00+02:00,101.6
2026-04-12T06:15:00+02:00,101.13
2026-04-12T06:30:00+02:00,97.06
2026-04-12T06:45:00+02:00,95.01
2026-04-12T07:00:00+02:00,105.19
2026-04-12T07:15:00+02:00,95.95
2026-04-12T07:30:00+02:00,89.19
2026-04-12T07:45:00+02:00,86.94
2026-04-12T08:00:00+02:00,87.99
2026-04-12T08:15:00+02:00,81.28
2026-04-12T08:30:00+02:00,77.14
2026-04-12T08:45:00+02:00,58.0
2026-04-12T09:00:00+02:00,63.61
2026-04-12T09:15:00+02:00,56.98
2026-04-12T09:30:00+02:00,47.69
2026-04-12T09:45:00+02:00,45.01
2026-04-12T10:00:00+02:00,49.72
2026-04-12T10:15:00+02:00,24.93
2026-04-12T10:30:00+02:00,25.05
2026-04-12T10:45:00+02:00,21.23
2026-04-12T11:00:00+02:00,26.25
2026-04-12T11:15:00+02:00,23.67
2026-04-12T11:30:00+02:00,20.79
2026-04-12T11:45:00+02:00,18.95
2026-04-12T12:00:00+02:00,21.58
2026-04-12T12:15:00+02:00,16.25
2026-04-12T12:30:00+02:00,15.0
2026-04-12T12:45:00+02:00,7.07
2026-04-12T13:00:00+02:00,5.56
2026-04-12T13:15:00+02:00,2.0
2026-04-12T13:30:00+02:00,0.18
2026-04-12T13:45:00+02:00,0.14
2026-04-12T14:00:00+02:00,0.0
2026-04-12T14:15:00+02:00,3.29
2026-04-12T14:30:00+02:00,8.1
2026-04-12T14:45:00+02:00,7.11
2026-04-12T15:00:00+02:00,5.96
2026-04-12T15:15:00+02:00,10.04
2026-04-12T15:30:00+02:00,17.23
2026-04-12T15:45:00+02:00,30.39
2026-04-12T16:00:00+02:00,33.09
2026-04-12T16:15:00+02:00,62.55
2026-04-12T16:30:00+02:00,67.35
2026-04-12T16:45:00+02:00,107.21
2026-04-12T17:00:00+02:00,64.22
2026-04-12T17:15:00+02:00,98.68
2026-04-12T17:30:00+02:00,132.84
2026-04-12T17:45:00+02:00,144.97
2026-04-12T18:00:00+02:00,123.0
2026-04-12T18:15:00+02:00,130.98
2026-04-12T18:30:00+02:00,140.14
2026-04-12T18:45:00+02:00,147.43
2026-04-12T19:00:00+02:00,138.38
2026-04-12T19:15:00+02:00,137.36
2026-04-12T19:30:00+02:00,146.27
2026-04-12T19:45:00+02:00,157.05
2026-04-12T20:00:00+02:00,150.82
2026-04-12T20:15:00+02:00,148.84
2026-04-12T20:30:00+02:00,147.04
2026-04-12T20:45:00+02:00,140.51
2026-04-12T21:00:00+02:00,140.92
2026-04-12T21:15:00+02:00,135.3
2026-04-12T21:30:00+02:00,137.3
2026-04-12T21:45:00+02:00,133.41
2026-04-12T22:00:00+02:00,139.59
2026-04-12T22:15:00+02:00,134.7
2026-04-12T22:30:00+02:00,128.72
2026-04-12T22:45:00+02:00,119.42
2026-04-12T23:00:00+02:00,135.05
2026-04-12T23:15:00+02:00,119.37
2026-04-12T23:30:00+02:00,119.42
2026-04-12T23:45:00+02:00,110.23
2026-04-13T00:00:00+02:00,123.33
2026-04-13T00:15:00+02:00,119.38
2026-04-13T00:30:00+02:00,113.46
2026-04-13T00:45:00+02:00,110.0
2026-04-13T01:00:00+02:00,113.29
2026-04-13T01:15:00+02:00,110.6
2026-04-13T01:30:00+02:00,110.0
2026-04-13T01:45:00+02:00,105.29
2026-04-13T02:00:00+02:00,109.2
2026-04-13T02:15:00+02:00,104.06
2026-04-13T02:30:00+02:00,108.32
2026-04-13T02:45:00+02:00,107.68
2026-04-13T03:00:00+02:00,109.5
2026-04-13T03:15:00+02:00,106.9
2026-04-13T03:30:00+02:00,108.09
2026-04-13T03:45:00+02:00,105.87
2026-04-13T04:00:00+02:00,109.16
2026-04-13T04:15:00+02:00,109.57
2026-04-13T04:30:00+02:00,108.72
2026-04-13T04:45:00+02:00,112.63
2026-04-13T05:00:00+02:00,112.68
2026-04-13T05:15:00+02:00,114.37
2026-04-13T05:30:00+02:00,119.44
2026-04-13T05:45:00+02:00,129.8
2026-04-13T06:00:00+02:00,125.98
2026-04-13T06:15:00+02:00,135.37
2026-04-13T06:30:00+02:00,142.73
2026-04-13T06:45:00+02:00,140.38
2026-04-13T07:00:00+02:00,145.96
2026-04-13T07:15:00+02:00,145.26
2026-04-13T07:30:00+02:00,144.37
2026-04-13T07:45:00+02:00,144.89
2026-04-13T08:00:00+02:00,218.0
2026-04-13T08:15:00+02:00,172.22
2026-04-13T08:30:00+02:00,156.19
2026-04-13T08:45:00+02:00,149.11
2026-04-13T09:00:00+02:00,192.37
2026-04-13T09:15:00+02:00,174.81
2026-04-13T09:30:00+02:00,145.78
2026-04-13T09:45:00+02:00,130.9
2026-04-13T10:00:00+02:00,177.03
2026-04-13T10:15:00+02:00,133.0
2026-04-13T10:30:00+02:00,126.4
2026-04-13T10:45:00+02:00,118.09
2026-04-13T11:00:00+02:00,126.53
2026-04-13T11:15:00+02:00,112.81
2026-04-13T11:30:00+02:00,110.91
2026-04-13T11:45:00+02:00,113.75
2026-04-13T12:00:00+02:00,112.82
2026-04-13T12:15:00+02:00,101.02
2026-04-13T12:30:00+02:00,104.84
2026-04-13T12:45:00+02:00,100.26
2026-04-13T13:00:00+02:00,99.79
2026-04-13T13:15:00+02:00,97.45
2026-04-13T13:30:00+02:00,97.04
2026-04-13T13:45:00+02:00,95.29
2026-04-13T14:00:00+02:00,98.25
2026-04-13T14:15:00+02:00,99.31
2026-04-13T14:30:00+02:00,103.3
2026-04-13T14:45:00+02:00,105.92
2026-04-13T15:00:00+02:00,100.4
2026-04-13T15:15:00+02:00,103.78
2026-04-13T15:30:00+02:00,103.37
2026-04-13T15:45:00+02:00,111.0
2026-04-13T16:00:00+02:00,97.93
2026-04-13T16:15:00+02:00,103.38
2026-04-13T16:30:00+02:00,117.7
2026-04-13T16:45:00+02:00,139.38
2026-04-13T17:00:00+02:00,101.21
2026-04-13T17:15:00+02:00,122.41
2026-04-13T17:30:00+02:00,140.89
2026-04-13T17:45:00+02:00,157.0
2026-04-13T18:00:00+02:00,132.24
2026-04-13T18:15:00+02:00,141.86
2026-04-13T18:30:00+02:00,150.17
2026-04-13T18:45:00+02:00,168.53
2026-04-13T19:00:00+02:00,149.68
2026-04-13T19:15:00+02:00,162.83
2026-04-13T19:30:00+02:00,166.56
2026-04-13T19:45:00+02:00,179.02
2026-04-13T20:00:00+02:00,165.6
2026-04-13T20:15:00+02:00,165.37
2026-04-13T20:30:00+02:00,151.47
2026-04-13T20:45:00+02:00,144.0
2026-04-13T21:00:00+02:00,152.42
2026-04-13T21:15:00+02:00,144.3
2026-04-13T21:30:00+02:00,131.88
2026-04-13T21:45:00+02:00,127.59
2026-04-13T22:00:00+02:00,137.14
2026-04-13T22:15:00+02:00,131.99
2026-04-13T22:30:00+02:00,127.96
2026-04-13T22:45:00+02:00,121.95
2026-04-13T23:00:00+02:00,130.92
2026-04-13T23:15:00+02:00,124.36
2026-04-13T23:30:00+02:00,122.0
2026-04-13T23:45:00+02:00,113.23
2026-04-14T00:00:00+02:00,123.64
2026-04-14T00:15:00+02:00,116.21
2026-04-14T00:30:00+02:00,113.33
2026-04-14T00:45:00+02:00,111.07
2026-04-14T01:00:00+02:00,113.56
2026-04-14T01:15:00+02:00,113.25
2026-04-14T01:30:00+02:00,112.79
2026-04-14T01:45:00+02:00,115.06
2026-04-14T02:00:00+02:00,115.1
2026-04-14T02:15:00+02:00,115.0
2026-04-14T02:30:00+02:00,114.39
2026-04-14T02:45:00+02:00,115.47
2026-04-14T03:00:00+02:00,113.2
2026-04-14T03:15:00+02:00,112.86
2026-04-14T03:30:00+02:00,113.8
2026-04-14T03:45:00+02:00,113.68
2026-04-14T04:00:00+02:00,113.49
2026-04-14T04:15:00+02:00,114.55
2026-04-14T04:30:00+02:00,114.94
2026-04-14T04:45:00+02:00,115.74
2026-04-14T05:00:00+02:00,114.27
2026-04-14T05:15:00+02:00,116.19
2026-04-14T05:30:00+02:00,117.37
2026-04-14T05:45:00+02:00,124.76
2026-04-14T06:00:00+02:00,119.56
2026-04-14T06:15:00+02:00,136.61
2026-04-14T06:30:00+02:00,142.53
2026-04-14T06:45:00+02:00,156.18
2026-04-14T07:00:00+02:00,156.85
2026-04-14T07:15:00+02:00,167.82
2026-04-14T07:30:00+02:00,171.86
2026-04-14T07:45:00+02:00,155.56
2026-04-14T08:00:00+02:00,196.18
2026-04-14T08:15:00+02:00,179.4
2026-04-14T08:30:00+02:00,150.29
2026-04-14T08:45:00+02:00,132.11
2026-04-14T09:00:00+02:00,172.43
2026-04-14T09:15:00+02:00,145.1
2026-04-14T09:30:00+02:00,139.98
2026-04-14T09:45:00+02:00,119.81
2026-04-14T10:00:00+02:00,142.04
2026-04-14T10:15:00+02:00,129.9
2026-04-14T10:30:00+02:00,121.58
2026-04-14T10:45:00+02:00,121.8
2026-04-14T11:00:00+02:00,120.14
2026-04-14T11:15:00+02:00,118.85
2026-04-14T11:30:00+02:00,116.48
2026-04-14T11:45:00+02:00,113.86
2026-04-14T12:00:00+02:00,114.14
2026-04-14T12:15:00+02:00,110.3
2026-04-14T12:30:00+02:00,107.84
2026-04-14T12:45:00+02:00,105.75
2026-04-14T13:00:00+02:00,106.95
2026-04-14T13:15:00+02:00,105.83
2026-04-14T13:30:00+02:00,105.07
2026-04-14T13:45:00+02:00,100.95
2026-04-14T14:00:00+02:00,100.87
2026-04-14T14:15:00+02:00,105.19
2026-04-14T14:30:00+02:00,109.3
2026-04-14T14:45:00+02:00,120.28
2026-04-14T15:00:00+02:00,103.41
2026-04-14T15:15:00+02:00,112.6
2026-04-14T15:30:00+02:00,120.0
2026-04-14T15:45:00+02:00,126.26
2026-04-14T16:00:00+02:00,110.29
2026-04-14T16:15:00+02:00,114.16
2026-04-14T16:30:00+02:00,127.0
2026-04-14T16:45:00+02:00,135.33
2026-04-14T17:00:00+02:00,118.28
2026-04-14T17:15:00+02:00,135.3
2026-04-14T17:30:00+02:00,146.21
2026-04-14T17:45:00+02:00,149.96
2026-04-14T18:00:00+02:00,135.06
2026-04-14T18:15:00+02:00,148.96
2026-04-14T18:30:00+02:00,164.24
2026-04-14T18:45:00+02:00,191.8
2026-04-14T19:00:00+02:00,173.74
2026-04-14T19:15:00+02:00,195.19
2026-04-14T19:30:00+02:00,236.85
2026-04-14T19:45:00+02:00,293.23
2026-04-14T20:00:00+02:00,261.01
2026-04-14T20:15:00+02:00,255.73
2026-04-14T20:30:00+02:00,225.48
2026-04-14T20:45:00+02:00,194.89
2026-04-14T21:00:00+02:00,186.67
2026-04-14T21:15:00+02:00,171.0
2026-04-14T21:30:00+02:00,156.41
2026-04-14T21:45:00+02:00,149.71
2026-04-14T22:00:00+02:00,160.64
2026-04-14T22:15:00+02:00,152.06
2026-04-14T22:30:00+02:00,145.55
2026-04-14T22:45:00+02:00,134.78
2026-04-14T23:00:00+02:00,150.01
2026-04-14T23:15:00+02:00,139.93
2026-04-14T23:30:00+02:00,131.53
2026-04-14T23:45:00+02:00,120.01
2026-04-15T00:00:00+02:00,126.14
2026-04-15T00:15:00+02:00,123.58
2026-04-15T00:30:00+02:00,120.0
2026-04-15T00:45:00+02:00,116.68
2026-04-15T01:00:00+02:00,119.9
2026-04-15T01:15:00+02:00,118.03
2026-04-15T01:30:00+02:00,114.89
2026-04-15T01:45:00+02:00,113.01
2026-04-15T02:00:00+02:00,113.69
2026-04-15T02:15:00+02:00,112.7
2026-04-15T02:30:00+02:00,110.67
2026-04-15T02:45:00+02:00,110.01
2026-04-15T03:00:00+02:00,110.0
2026-04-15T03:15:00+02:00,110.02
2026-04-15T03:30:00+02:00,110.04
2026-04-15T03:45:00+02:00,110.01
2026-04-15T04:00:00+02:00,110.1
2026-04-15T04:15:00+02:00,109.01
2026-04-15T04:30:00+02:00,111.27
2026-04-15T04:45:00+02:00,112.99
2026-04-15T05:00:00+02:00,114.68
2026-04-15T05:15:00+02:00,119.66
2026-04-15T05:30:00+02:00,124.88
2026-04-15T05:45:00+02:00,133.5
2026-04-15T06:00:00+02:00,137.86
2026-04-15T06:15:00+02:00,147.47
2026-04-15T06:30:00+02:00,151.83
2026-04-15T06:45:00+02:00,156.6
2026-04-15T07:00:00+02:00,166.92
2026-04-15T07:15:00+02:00,164.87
2026-04-15T07:30:00+02:00,161.28
2026-04-15T07:45:00+02:00,145.14
2026-04-15T08:00:00+02:00,164.5
2026-04-15T08:15:00+02:00,145.88
2026-04-15T08:30:00+02:00,135.77
2026-04-15T08:45:00+02:00,114.25
2026-04-15T09:00:00+02:00,130.0
2026-04-15T09:15:00+02:00,121.94
2026-04-15T09:30:00+02:00,110.1
2026-04-15T09:45:00+02:00,103.24
2026-04-15T10:00:00+02:00,126.0
2026-04-15T10:15:00+02:00,101.84
2026-04-15T10:30:00+02:00,94.31
2026-04-15T10:45:00+02:00,81.06
2026-04-15T11:00:00+02:00,99.33
2026-04-15T11:15:00+02:00,84.92
2026-04-15T11:30:00+02:00,74.39
2026-04-15T11:45:00+02:00,57.12
2026-04-15T12:00:00+02:00,69.62
2026-04-15T12:15:00+02:00,60.08
2026-04-15T12:30:00+02:00,54.46
2026-04-15T12:45:00+02:00,49.11
2026-04-15T13:00:00+02:00,50.05
2026-04-15T13:15:00+02:00,48.1
2026-04-15T13:30:00+02:00,50.44
2026-04-15T13:45:00+02:00,52.34
2026-04-15T14:00:00+02:00,48.99
2026-04-15T14:15:00+02:00,61.05
2026-04-15T14:30:00+02:00,73.01
2026-04-15T14:45:00+02:00,85.98
2026-04-15T15:00:00+02:00,65.53
2026-04-15T15:15:00+02:00,76.49
2026-04-15T15:30:00+02:00,86.5
2026-04-15T15:45:00+02:00,97.45
2026-04-15T16:00:00+02:00,84.77
2026-04-15T16:15:00+02:00,96.5
2026-04-15T16:30:00+02:00,104.64
2026-04-15T16:45:00+02:00,111.11
2026-04-15T17:00:00+02:00,109.41
2026-04-15T17:15:00+02:00,118.4
2026-04-15T17:30:00+02:00,130.91
2026-04-15T17:45:00+02:00,140.64
2026-04-15T18:00:00+02:00,127.12
2026-04-15T18:15:00+02:00,135.0
2026-04-15T18:30:00+02:00,145.86
2026-04-15T18:45:00+02:00,159.62
2026-04-15T19:00:00+02:00,158.13
2026-04-15T19:15:00+02:00,164.62
2026-04-15T19:30:00+02:00,187.92
2026-04-15T19:45:00+02:00,209.65
2026-04-15T20:00:00+02:00,204.51
2026-04-15T20:15:00+02:00,188.23
2026-04-15T20:30:00+02:00,178.22
2026-04-15T20:45:00+02:00,152.24
2026-04-15T21:00:00+02:00,170.1
2026-04-15T21:15:00+02:00,149.58
2026-04-15T21:30:00+02:00,142.54
2026-04-15T21:45:00+02:00,130.1
2026-04-15T22:00:00+02:00,142.94
2026-04-15T22:15:00+02:00,135.01
2026-04-15T22:30:00+02:00,129.08
2026-04-15T22:45:00+02:00,123.71
2026-04-15T23:00:00+02:00,131.73
2026-04-15T23:15:00+02:00,121.91
2026-04-15T23:30:00+02:00,113.17
2026-04-15T23:45:00+02:00,104.27
2026-04-16T00:00:00+02:00,112.51
2026-04-16T00:15:00+02:00,108.71
2026-04-16T00:30:00+02:00,103.53
2026-04-16T00:45:00+02:00,100.11
2026-04-16T01:00:00+02:00,104.62
2026-04-16T01:15:00+02:00,100.89
2026-04-16T01:30:00+02:00,100.35
2026-04-16T01:45:00+02:00,99.73
2026-04-16T02:00:00+02:00,99.69
2026-04-16T02:15:00+02:00,100.5
2026-04-16T02:30:00+02:00,100.08
2026-04-16T02:45:00+02:00,98.11
2026-04-16T03:00:00+02:00,96.78
2026-04-16T03:15:00+02:00,98.25
2026-04-16T03:30:00+02:00,99.46
2026-04-16T03:45:00+02:00,98.97
2026-04-16T04:00:00+02:00,96.72
2026-04-16T04:15:00+02:00,98.91
2026-04-16T04:30:00+02:00,102.29
2026-04-16T04:45:00+02:00,105.69
2026-04-16T05:00:00+02:00,99.81
2026-04-16T05:15:00+02:00,103.13
2026-04-16T05:30:00+02:00,112.95
2026-04-16T05:45:00+02:00,126.53
2026-04-16T06:00:00+02:00,124.81
2026-04-16T06:15:00+02:00,135.92
2026-04-16T06:30:00+02:00,142.11
2026-04-16T06:45:00+02:00,155.06
2026-04-16T07:00:00+02:00,150.73
2026-04-16T07:15:00+02:00,150.19
2026-04-16T07:30:00+02:00,144.2
2026-04-16T07:45:00+02:00,134.97
2026-04-16T08:00:00+02:00,159.99
2026-04-16T08:15:00+02:00,141.44
2026-04-16T08:30:00+02:00,130.36
2026-04-16T08:45:00+02:00,102.75
2026-04-16T09:00:00+02:00,124.5
2026-04-16T09:15:00+02:00,109.99
2026-04-16T09:30:00+02:00,103.86
2026-04-16T09:45:00+02:00,102.43
2026-04-16T10:00:00+02:00,120.93
2026-04-16T10:15:00+02:00,105.0
2026-04-16T10:30:00+02:00,90.79
2026-04-16T10:45:00+02:00,68.69
2026-04-16T11:00:00+02:00,96.73
2026-04-16T11:15:00+02:00,85.0
2026-04-16T11:30:00+02:00,67.98
2026-04-16T11:45:00+02:00,52.98
2026-04-16T12:00:00+02:00,80.98
2026-04-16T12:15:00+02:00,63.09
2026-04-16T12:30:00+02:00,54.09
2026-04-16T12:45:00+02:00,43.89
2026-04-16T13:00:00+02:00,57.21
2026-04-16T13:15:00+02:00,50.01
2026-04-16T13:30:00+02:00,41.94
2026-04-16T13:45:00+02:00,33.91
2026-04-16T14:00:00+02:00,36.72
2026-04-16T14:15:00+02:00,50.01
2026-04-16T14:30:00+02:00,60.56
2026-04-16T14:45:00+02:00,68.6
2026-04-16T15:00:00+02:00,52.79
2026-04-16T15:15:00+02:00,64.22
2026-04-16T15:30:00+02:00,75.89
2026-04-16T15:45:00+02:00,90.58
2026-04-16T16:00:00+02:00,64.99
2026-04-16T16:15:00+02:00,86.39
2026-04-16T16:30:00+02:00,100.56
2026-04-16T16:45:00+02:00,107.09
2026-04-16T17:00:00+02:00,97.58
2026-04-16T17:15:00+02:00,106.3
2026-04-16T17:30:00+02:00,117.35
2026-04-16T17:45:00+02:00,124.99
2026-04-16T18:00:00+02:00,105.28
2026-04-16T18:15:00+02:00,127.12
2026-04-16T18:30:00+02:00,137.06
2026-04-16T18:45:00+02:00,155.12
2026-04-16T19:00:00+02:00,135.59
2026-04-16T19:15:00+02:00,150.93
2026-04-16T19:30:00+02:00,175.26
2026-04-16T19:45:00+02:00,205.93
2026-04-16T20:00:00+02:00,193.59
2026-04-16T20:15:00+02:00,196.09
2026-04-16T20:30:00+02:00,185.86
2026-04-16T20:45:00+02:00,173.73
2026-04-16T21:00:00+02:00,174.82
2026-04-16T21:15:00+02:00,160.43
2026-04-16T21:30:00+02:00,146.16
2026-04-16T21:45:00+02:00,138.63
2026-04-16T22:00:00+02:00,151.44
2026-04-16T22:15:00+02:00,141.44
2026-04-16T22:30:00+02:00,135.58
2026-04-16T22:45:00+02:00,126.58
2026-04-16T23:00:00+02:00,135.0
2026-04-16T23:15:00+02:00,128.68
2026-04-16T23:30:00+02:00,125.85
2026-04-16T23:45:00+02:00,119.92
2026-04-17T00:00:00+02:00,128.48
2026-04-17T00:15:00+02:00,123.41
2026-04-17T00:30:00+02:00,118.83
2026-04-17T00:45:00+02:00,116.37
2026-04-17T01:00:00+02:00,118.0
2026-04-17T01:15:00+02:00,117.34
2026-04-17T01:30:00+02:00,113.98
2026-04-17T01:45:00+02:00,112.77
2026-04-17T02:00:00+02:00,113.04
2026-04-17T02:15:00+02:00,112.77
2026-04-17T02:30:00+02:00,112.31
2026-04-17T02:45:00+02:00,112.01
2026-04-17T03:00:00+02:00,109.22
2026-04-17T03:15:00+02:00,107.99
2026-04-17T03:30:00+02:00,108.47
2026-04-17T03:45:00+02:00,108.37
2026-04-17T04:00:00+02:00,110.41
2026-04-17T04:15:00+02:00,110.26
2026-04-17T04:30:00+02:00,111.59
2026-04-17T04:45:00+02:00,113.61
2026-04-17T05:00:00+02:00,108.53
2026-04-17T05:15:00+02:00,113.48
2026-04-17T05:30:00+02:00,119.75
2026-04-17T05:45:00+02:00,139.01
2026-04-17T06:00:00+02:00,130.21
2026-04-17T06:15:00+02:00,151.48
2026-04-17T06:30:00+02:00,149.59
2026-04-17T06:45:00+02:00,154.99
2026-04-17T07:00:00+02:00,158.47
2026-04-17T07:15:00+02:00,151.93
2026-04-17T07:30:00+02:00,148.36
2026-04-17T07:45:00+02:00,135.46
2026-04-17T08:00:00+02:00,155.38
2026-04-17T08:15:00+02:00,136.12
2026-04-17T08:30:00+02:00,119.8
2026-04-17T08:45:00+02:00,97.33
2026-04-17T09:00:00+02:00,123.02
2026-04-17T09:15:00+02:00,106.6
2026-04-17T09:30:00+02:00,93.68
2026-04-17T09:45:00+02:00,84.31
2026-04-17T10:00:00+02:00,112.42
2026-04-17T10:15:00+02:00,98.53
2026-04-17T10:30:00+02:00,92.24
2026-04-17T10:45:00+02:00,59.94
2026-04-17T11:00:00+02:00,89.93
2026-04-17T11:15:00+02:00,75.33
2026-04-17T11:30:00+02:00,41.88
2026-04-17T11:45:00+02:00,24.38
2026-04-17T12:00:00+02:00,43.06
2026-04-17T12:15:00+02:00,33.31
2026-04-17T12:30:00+02:00,25.1
2026-04-17T12:45:00+02:00,22.01
2026-04-17T13:00:00+02:00,25.01
2026-04-17T13:15:00+02:00,25.07
2026-04-17T13:30:00+02:00,26.25
2026-04-17T13:45:00+02:00,29.45
2026-04-17T14:00:00+02:00,20.08
2026-04-17T14:15:00+02:00,25.5
2026-04-17T14:30:00+02:00,33.36
2026-04-17T14:45:00+02:00,46.55
2026-04-17T15:00:00+02:00,25.06
2026-04-17T15:15:00+02:00,51.46
2026-04-17T15:30:00+02:00,74.41
2026-04-17T15:45:00+02:00,89.06
2026-04-17T16:00:00+02:00,58.69
2026-04-17T16:15:00+02:00,78.31
2026-04-17T16:30:00+02:00,88.13
2026-04-17T16:45:00+02:00,102.15
2026-04-17T17:00:00+02:00,87.73
2026-04-17T17:15:00+02:00,98.06
2026-04-17T17:30:00+02:00,106.81
2026-04-17T17:45:00+02:00,116.64
2026-04-17T18:00:00+02:00,112.18
2026-04-17T18:15:00+02:00,119.37
2026-04-17T18:30:00+02:00,135.38
2026-04-17T18:45:00+02:00,140.09
2026-04-17T19:00:00+02:00,139.52
2026-04-17T19:15:00+02:00,146.98
2026-04-17T19:30:00+02:00,159.61
2026-04-17T19:45:00+02:00,183.51
2026-04-17T20:00:00+02:00,168.18
2026-04-17T20:15:00+02:00,162.54
2026-04-17T20:30:00+02:00,153.25
2026-04-17T20:45:00+02:00,144.48
2026-04-17T21:00:00+02:00,154.4
2026-04-17T21:15:00+02:00,140.33
2026-04-17T21:30:00+02:00,135.4
2026-04-17T21:45:00+02:00,121.9
2026-04-17T22:00:00+02:00,137.12
2026-04-17T22:15:00+02:00,125.74
2026-04-17T22:30:00+02:00,119.37
2026-04-17T22:45:00+02:00,113.49
2026-04-17T23:00:00+02:00,116.8
2026-04-17T23:15:00+02:00,113.89
2026-04-17T23:30:00+02:00,110.44
2026-04-17T23:45:00+02:00,109.71
2026-04-18T00:00:00+02:00,123.17
2026-04-18T00:15:00+02:00,118.24
2026-04-18T00:30:00+02:00,112.87
2026-04-18T00:45:00+02:00,110.7
2026-04-18T01:00:00+02:00,113.01
2026-04-18T01:15:00+02:00,111.74
2026-04-18T01:30:00+02:00,110.99
2026-04-18T01:45:00+02:00,107.77
2026-04-18T02:00:00+02:00,110.21
2026-04-18T02:15:00+02:00,109.12
2026-04-18T02:30:00+02:00,109.85
2026-04-18T02:45:00+02:00,109.47
2026-04-18T03:00:00+02:00,108.19
2026-04-18T03:15:00+02:00,107.47
2026-04-18T03:30:00+02:00,107.41
2026-04-18T03:45:00+02:00,107.71
2026-04-18T04:00:00+02:00,107.86
2026-04-18T04:15:00+02:00,108.51
2026-04-18T04:30:00+02:00,108.78
2026-04-18T04:45:00+02:00,110.34
2026-04-18T05:00:00+02:00,110.46
2026-04-18T05:15:00+02:00,110.34
2026-04-18T05:30:00+02:00,111.98
2026-04-18T05:45:00+02:00,110.84
2026-04-18T06:00:00+02:00,112.0
2026-04-18T06:15:00+02:00,111.43
2026-04-18T06:30:00+02:00,114.18
2026-04-18T06:45:00+02:00,105.71
2026-04-18T07:00:00+02:00,109.99
2026-04-18T07:15:00+02:00,111.19
2026-04-18T07:30:00+02:00,107.58
2026-04-18T07:45:00+02:00,94.21
2026-04-18T08:00:00+02:00,105.82
2026-04-18T08:15:00+02:00,99.28
2026-04-18T08:30:00+02:00,87.06
2026-04-18T08:45:00+02:00,76.99
2026-04-18T09:00:00+02:00,95.23
2026-04-18T09:15:00+02:00,87.37
2026-04-18T09:30:00+02:00,66.91
2026-04-18T09:45:00+02:00,51.0
2026-04-18T10:00:00+02:00,81.05
2026-04-18T10:15:00+02:00,38.04
2026-04-18T10:30:00+02:00,20.6
2026-04-18T10:45:00+02:00,18.58
2026-04-18T11:00:00+02:00,17.03
2026-04-18T11:15:00+02:00,0.01
2026-04-18T11:30:00+02:00,-0.08
2026-04-18T11:45:00+02:00,-1.2
2026-04-18T12:00:00+02:00,-1.1
2026-04-18T12:15:00+02:00,-2.93
2026-04-18T12:30:00+02:00,-4.49
2026-04-18T12:45:00+02:00,-5.01
2026-04-18T13:00:00+02:00,-5.51
2026-04-18T13:15:00+02:00,-5.1
2026-04-18T13:30:00+02:00,-3.14
2026-04-18T13:45:00+02:00,-2.57
2026-04-18T14:00:00+02:00,-2.02
2026-04-18T14:15:00+02:00,-0.04
2026-04-18T14:30:00+02:00,0.23
2026-04-18T14:45:00+02:00,1.43
2026-04-18T15:00:00+02:00,10.3
2026-04-18T15:15:00+02:00,15.46
2026-04-18T15:30:00+02:00,24.46
2026-04-18T15:45:00+02:00,25.37
2026-04-18T16:00:00+02:00,15.73
2026-04-18T16:15:00+02:00,32.01
2026-04-18T16:30:00+02:00,58.21
2026-04-18T16:45:00+02:00,73.6
2026-04-18T17:00:00+02:00,57.65
2026-04-18T17:15:00+02:00,86.25
2026-04-18T17:30:00+02:00,102.38
2026-04-18T17:45:00+02:00,116.94
2026-04-18T18:00:00+02:00,106.31
2026-04-18T18:15:00+02:00,115.0
2026-04-18T18:30:00+02:00,127.08
2026-04-18T18:45:00+02:00,129.99
2026-04-18T19:00:00+02:00,116.0
2026-04-18T19:15:00+02:00,129.01
2026-04-18T19:30:00+02:00,138.39
2026-04-18T19:45:00+02:00,142.76
2026-04-18T20:00:00+02:00,142.95
2026-04-18T20:15:00+02:00,146.71
2026-04-18T20:30:00+02:00,146.89
2026-04-18T20:45:00+02:00,143.01
2026-04-18T21:00:00+02:00,150.43
2026-04-18T21:15:00+02:00,141.46
2026-04-18T21:30:00+02:00,135.53
2026-04-18T21:45:00+02:00,133.76
2026-04-18T22:00:00+02:00,134.38
2026-04-18T22:15:00+02:00,133.77
2026-04-18T22:30:00+02:00,128.28
2026-04-18T22:45:00+02:00,123.54
2026-04-18T23:00:00+02:00,133.25
2026-04-18T23:15:00+02:00,125.53
2026-04-18T23:30:00+02:00,122.96
2026-04-18T23:45:00+02:00,118.26
2026-04-19T00:00:00+02:00,123.78
2026-04-19T00:15:00+02:00,117.06
2026-04-19T00:30:00+02:00,113.48
2026-04-19T00:45:00+02:00,111.92
2026-04-19T01:00:00+02:00,112.32
2026-04-19T01:15:00+02:00,109.94
2026-04-19T01:30:00+02:00,109.75
2026-04-19T01:45:00+02:00,107.79
2026-04-19T02:00:00+02:00,111.68
2026-04-19T02:15:00+02:00,109.98
2026-04-19T02:30:00+02:00,108.86
2026-04-19T02:45:00+02:00,106.3
2026-04-19T03:00:00+02:00,108.36
2026-04-19T03:15:00+02:00,106.47
2026-04-19T03:30:00+02:00,105.46
2026-04-19T03:45:00+02:00,105.0
2026-04-19T04:00:00+02:00,105.54
2026-04-19T04:15:00+02:00,105.42
2026-04-19T04:30:00+02:00,105.44
2026-04-19T04:45:00+02:00,105.26
2026-04-19T05:00:00+02:00,106.2
2026-04-19T05:15:00+02:00,106.51
2026-04-19T05:30:00+02:00,106.54
2026-04-19T05:45:00+02:00,106.95
2026-04-19T06:00:00+02:00,105.88
2026-04-19T06:15:00+02:00,105.35
2026-04-19T06:30:00+02:00,105.0
2026-04-19T06:45:00+02:00,102.9
2026-04-19T07:00:00+02:00,104.69
2026-04-19T07:15:00+02:00,100.44
2026-04-19T07:30:00+02:00,96.07
2026-04-19T07:45:00+02:00,98.93
2026-04-19T08:00:00+02:00,104.15
2026-04-19T08:15:00+02:00,100.02
2026-04-19T08:30:00+02:00,92.35
2026-04-19T08:45:00+02:00,90.0
2026-04-19T09:00:00+02:00,99.27
2026-04-19T09:15:00+02:00,94.95
2026-04-19T09:30:00+02:00,95.15
2026-04-19T09:45:00+02:00,86.0
2026-04-19T10:00:00+02:00,90.99
2026-04-19T10:15:00+02:00,77.59
2026-04-19T10:30:00+02:00,67.59
2026-04-19T10:45:00+02:00,49.37
2026-04-19T11:00:00+02:00,49.0
2026-04-19T11:15:00+02:00,42.23
2026-04-19T11:30:00+02:00,25.38
2026-04-19T11:45:00+02:00,11.33
2026-04-19T12:00:00+02:00,22.0
2026-04-19T12:15:00+02:00,0.95
2026-04-19T12:30:00+02:00,0.0
2026-04-19T12:45:00+02:00,-0.01
2026-04-19T13:00:00+02:00,0.0
2026-04-19T13:15:00+02:00,-0.09
2026-04-19T13:30:00+02:00,-1.2
2026-04-19T13:45:00+02:00,-2.1
2026-04-19T14:00:00+02:00,-2.1
2026-04-19T14:15:00+02:00,-2.49
2026-04-19T14:30:00+02:00,-3.04
2026-04-19T14:45:00+02:00,-4.39
2026-04-19T15:00:00+02:00,-3.21
2026-04-19T15:15:00+02:00,-2.8
2026-04-19T15:30:00+02:00,-2.01
2026-04-19T15:45:00+02:00,-1.0
2026-04-19T16:00:00+02:00,-0.64
2026-04-19T16:15:00+02:00,-0.01
2026-04-19T16:30:00+02:00,13.73
2026-04-19T16:45:00+02:00,51.0
2026-04-19T17:00:00+02:00,28.24
2026-04-19T17:15:00+02:00,67.81
2026-04-19T17:30:00+02:00,89.19
2026-04-19T17:45:00+02:00,109.79
2026-04-19T18:00:00+02:00,85.35
2026-04-19T18:15:00+02:00,97.52
2026-04-19T18:30:00+02:00,110.05
2026-04-19T18:45:00+02:00,122.5
2026-04-19T19:00:00+02:00,110.71
2026-04-19T19:15:00+02:00,115.86
2026-04-19T19:30:00+02:00,119.06
2026-04-19T19:45:00+02:00,123.78
2026-04-19T20:00:00+02:00,123.2
2026-04-19T20:15:00+02:00,124.47
2026-04-19T20:30:00+02:00,126.33
2026-04-19T20:45:00+02:00,122.45
2026-04-19T21:00:00+02:00,129.68
2026-04-19T21:15:00+02:00,121.48
2026-04-19T21:30:00+02:00,119.12
2026-04-19T21:45:00+02:00,115.91
2026-04-19T22:00:00+02:00,124.19
2026-04-19T22:15:00+02:00,120.08
2026-04-19T22:30:00+02:00,119.33
2026-04-19T22:45:00+02:00,113.85
2026-04-19T23:00:00+02:00,115.61
2026-04-19T23:15:00+02:00,111.97
2026-04-19T23:30:00+02:00,110.59
2026-04-19T23:45:00+02:00,106.76
2026-04-20T00:00:00+02:00,115.22
2026-04-20T00:15:00+02:00,106.59
2026-04-20T00:30:00+02:00,103.55
2026-04-20T00:45:00+02:00,99.87
2026-04-20T01:00:00+02:00,104.9
2026-04-20T01:15:00+02:00,102.7
2026-04-20T01:30:00+02:00,102.1
2026-04-20T01:45:00+02:00,94.75
2026-04-20T02:00:00+02:00,102.8
2026-04-20T02:15:00+02:00,97.29
2026-04-20T02:30:00+02:00,99.0
2026-04-20T02:45:00+02:00,96.96
2026-04-20T03:00:00+02:00,98.5
2026-04-20T03:15:00+02:00,97.29
2026-04-20T03:30:00+02:00,99.21
2026-04-20T03:45:00+02:00,101.16
2026-04-20T04:00:00+02:00,98.46
2026-04-20T04:15:00+02:00,101.32
2026-04-20T04:30:00+02:00,102.26
2026-04-20T04:45:00+02:00,107.17
2026-04-20T05:00:00+02:00,100.37
2026-04-20T05:15:00+02:00,106.07
2026-04-20T05:30:00+02:00,114.09
2026-04-20T05:45:00+02:00,125.87
2026-04-20T06:00:00+02:00,116.38
2026-04-20T06:15:00+02:00,129.12
2026-04-20T06:30:00+02:00,136.83
2026-04-20T06:45:00+02:00,135.21
2026-04-20T07:00:00+02:00,147.34
2026-04-20T07:15:00+02:00,151.0
2026-04-20T07:30:00+02:00,144.53
2026-04-20T07:45:00+02:00,125.96
2026-04-20T08:00:00+02:00,163.93
2026-04-20T08:15:00+02:00,135.18
2026-04-20T08:30:00+02:00,124.08
2026-04-20T08:45:00+02:00,114.09
2026-04-20T09:00:00+02:00,141.98
2026-04-20T09:15:00+02:00,117.94
2026-04-20T09:30:00+02:00,102.31
2026-04-20T09:45:00+02:00,77.83
2026-04-20T10:00:00+02:00,111.22
2026-04-20T10:15:00+02:00,85.64
2026-04-20T10:30:00+02:00,89.42
2026-04-20T10:45:00+02:00,74.51
2026-04-20T11:00:00+02:00,90.57
2026-04-20T11:15:00+02:00,82.36
2026-04-20T11:30:00+02:00,73.71
2026-04-20T11:45:00+02:00,56.91
2026-04-20T12:00:00+02:00,73.64
2026-04-20T12:15:00+02:00,51.71
2026-04-20T12:30:00+02:00,45.13
2026-04-20T12:45:00+02:00,34.25
2026-04-20T13:00:00+02:00,47.14
2026-04-20T13:15:00+02:00,36.57
2026-04-20T13:30:00+02:00,26.73
2026-04-20T13:45:00+02:00,19.94
2026-04-20T14:00:00+02:00,20.18
2026-04-20T14:15:00+02:00,27.4
2026-04-20T14:30:00+02:00,28.69
2026-04-20T14:45:00+02:00,42.01
2026-04-20T15:00:00+02:00,24.78
2026-04-20T15:15:00+02:00,36.84
2026-04-20T15:30:00+02:00,53.28
2026-04-20T15:45:00+02:00,71.0
2026-04-20T16:00:00+02:00,62.61
2026-04-20T16:15:00+02:00,77.17
2026-04-20T16:30:00+02:00,81.88
2026-04-20T16:45:00+02:00,91.64
2026-04-20T17:00:00+02:00,81.59
2026-04-20T17:15:00+02:00,87.73
2026-04-20T17:30:00+02:00,101.76
2026-04-20T17:45:00+02:00,117.9
2026-04-20T18:00:00+02:00,99.21
2026-04-20T18:15:00+02:00,112.77
2026-04-20T18:30:00+02:00,118.06
2026-04-20T18:45:00+02:00,121.6
2026-04-20T19:00:00+02:00,118.48
2026-04-20T19:15:00+02:00,122.43
2026-04-20T19:30:00+02:00,125.01
2026-04-20T19:45:00+02:00,127.71
2026-04-20T20:00:00+02:00,129.09
2026-04-20T20:15:00+02:00,127.72
2026-04-20T20:30:00+02:00,126.91
2026-04-20T20:45:00+02:00,125.0
2026-04-20T21:00:00+02:00,130.04
2026-04-20T21:15:00+02:00,122.91
2026-04-20T21:30:00+02:00,119.65
2026-04-20T21:45:00+02:00,115.16
2026-04-20T22:00:00+02:00,123.1
2026-04-20T22:15:00+02:00,117.57
2026-04-20T22:30:00+02:00,116.12
2026-04-20T22:45:00+02:00,107.1
2026-04-20T23:00:00+02:00,115.07
2026-04-20T23:15:00+02:00,107.49
2026-04-20T23:30:00+02:00,105.44
2026-04-20T23:45:00+02:00,99.17
2026-04-21T00:00:00+02:00,101.59
2026-04-21T00:15:00+02:00,99.82
2026-04-21T00:30:00+02:00,98.6
2026-04-21T00:45:00+02:00,95.99
2026-04-21T01:00:00+02:00,100.57
2026-04-21T01:15:00+02:00,98.42
2026-04-21T01:30:00+02:00,98.28
2026-04-21T01:45:00+02:00,97.3
2026-04-21T02:00:00+02:00,98.09
2026-04-21T02:15:00+02:00,97.92
2026-04-21T02:30:00+02:00,98.74
2026-04-21T02:45:00+02:00,98.74
2026-04-21T03:00:00+02:00,97.51
2026-04-21T03:15:00+02:00,98.38
2026-04-21T03:30:00+02:00,98.7
2026-04-21T03:45:00+02:00,101.71
2026-04-21T04:00:00+02:00,97.64
2026-04-21T04:15:00+02:00,98.55
2026-04-21T04:30:00+02:00,101.05
2026-04-21T04:45:00+02:00,103.52
2026-04-21T05:00:00+02:00,100.03
2026-04-21T05:15:00+02:00,103.6
2026-04-21T05:30:00+02:00,111.69
2026-04-21T05:45:00+02:00,118.47
2026-04-21T06:00:00+02:00,116.71
2026-04-21T06:15:00+02:00,127.37
2026-04-21T06:30:00+02:00,129.93
2026-04-21T06:45:00+02:00,134.33
2026-04-21T07:00:00+02:00,144.79
2026-04-21T07:15:00+02:00,144.61
2026-04-21T07:30:00+02:00,133.53
2026-04-21T07:45:00+02:00,118.38
2026-04-21T08:00:00+02:00,141.14
2026-04-21T08:15:00+02:00,124.12
2026-04-21T08:30:00+02:00,115.07
2026-04-21T08:45:00+02:00,95.46
2026-04-21T09:00:00+02:00,131.44
2026-04-21T09:15:00+02:00,111.0
2026-04-21T09:30:00+02:00,85.83
2026-04-21T09:45:00+02:00,60.95
2026-04-21T10:00:00+02:00,87.7
2026-04-21T10:15:00+02:00,80.53
2026-04-21T10:30:00+02:00,54.1
2026-04-21T10:45:00+02:00,17.25
2026-04-21T11:00:00+02:00,44.02
2026-04-21T11:15:00+02:00,24.01
2026-04-21T11:30:00+02:00,10.38
2026-04-21T11:45:00+02:00,0.0
2026-04-21T12:00:00+02:00,0.0
2026-04-21T12:15:00+02:00,0.0
2026-04-21T12:30:00+02:00,-0.04
2026-04-21T12:45:00+02:00,-0.35
2026-04-21T13:00:00+02:00,-1.0
2026-04-21T13:15:00+02:00,-1.01
2026-04-21T13:30:00+02:00,-1.91
2026-04-21T13:45:00+02:00,-3.09
2026-04-21T14:00:00+02:00,-5.11
2026-04-21T14:15:00+02:00,-3.89
2026-04-21T14:30:00+02:00,-3.48
2026-04-21T14:45:00+02:00,-2.32
2026-04-21T15:00:00+02:00,-5.1
2026-04-21T15:15:00+02:00,-1.36
2026-04-21T15:30:00+02:00,-0.9
2026-04-21T15:45:00+02:00,-0.09
2026-04-21T16:00:00+02:00,-0.08
2026-04-21T16:15:00+02:00,0.0
2026-04-21T16:30:00+02:00,13.96
2026-04-21T16:45:00+02:00,44.26
2026-04-21T17:00:00+02:00,27.4
2026-04-21T17:15:00+02:00,61.23
2026-04-21T17:30:00+02:00,86.42
2026-04-21T17:45:00+02:00,104.27
2026-04-21T18:00:00+02:00,84.05
2026-04-21T18:15:00+02:00,95.27
2026-04-21T18:30:00+02:00,109.97
2026-04-21T18:45:00+02:00,121.29
2026-04-21T19:00:00+02:00,117.68
2026-04-21T19:15:00+02:00,126.72
2026-04-21T19:30:00+02:00,137.71
2026-04-21T19:45:00+02:00,154.33
2026-04-21T20:00:00+02:00,150.5
2026-04-21T20:15:00+02:00,151.27
2026-04-21T20:30:00+02:00,144.98
2026-04-21T20:45:00+02:00,132.35
2026-04-21T21:00:00+02:00,147.72
2026-04-21T21:15:00+02:00,131.23
2026-04-21T21:30:00+02:00,122.66
2026-04-21T21:45:00+02:00,116.87
2026-04-21T22:00:00+02:00,127.99
2026-04-21T22:15:00+02:00,122.29
2026-04-21T22:30:00+02:00,118.03
2026-04-21T22:45:00+02:00,111.07
2026-04-21T23:00:00+02:00,118.01
2026-04-21T23:15:00+02:00,115.01
2026-04-21T23:30:00+02:00,110.98
2026-04-21T23:45:00+02:00,103.49
2026-04-22T00:00:00+02:00,110.94
2026-04-22T00:15:00+02:00,108.55
2026-04-22T00:30:00+02:00,106.12
2026-04-22T00:45:00+02:00,102.77
2026-04-22T01:00:00+02:00,106.08
2026-04-22T01:15:00+02:00,104.07
2026-04-22T01:30:00+02:00,103.85
2026-04-22T01:45:00+02:00,102.44
2026-04-22T02:00:00+02:00,107.4
2026-04-22T02:15:00+02:00,103.93
2026-04-22T02:30:00+02:00,103.02
2026-04-22T02:45:00+02:00,102.45
2026-04-22T03:00:00+02:00,103.53
2026-04-22T03:15:00+02:00,103.72
2026-04-22T03:30:00+02:00,105.48
2026-04-22T03:45:00+02:00,106.66
2026-04-22T04:00:00+02:00,104.13
2026-04-22T04:15:00+02:00,107.53
2026-04-22T04:30:00+02:00,110.23
2026-04-22T04:45:00+02:00,116.88
2026-04-22T05:00:00+02:00,107.36
2026-04-22T05:15:00+02:00,116.01
2026-04-22T05:30:00+02:00,123.4
2026-04-22T05:45:00+02:00,138.16
2026-04-22T06:00:00+02:00,125.6
2026-04-22T06:15:00+02:00,137.93
2026-04-22T06:30:00+02:00,145.19
2026-04-22T06:45:00+02:00,150.65
2026-04-22T07:00:00+02:00,154.98
2026-04-22T07:15:00+02:00,143.22
2026-04-22T07:30:00+02:00,130.1
2026-04-22T07:45:00+02:00,110.89
2026-04-22T08:00:00+02:00,140.46
2026-04-22T08:15:00+02:00,125.58
2026-04-22T08:30:00+02:00,116.01
2026-04-22T08:45:00+02:00,73.41
2026-04-22T09:00:00+02:00,123.86
2026-04-22T09:15:00+02:00,98.87
2026-04-22T09:30:00+02:00,68.89
2026-04-22T09:45:00+02:00,26.6
2026-04-22T10:00:00+02:00,65.72
2026-04-22T10:15:00+02:00,17.33
2026-04-22T10:30:00+02:00,0.0
2026-04-22T10:45:00+02:00,-2.43
2026-04-22T11:00:00+02:00,-0.36
2026-04-22T11:15:00+02:00,-0.98
2026-04-22T11:30:00+02:00,-1.17
2026-04-22T11:45:00+02:00,-7.17
2026-04-22T12:00:00+02:00,-3.88
2026-04-22T12:15:00+02:00,-7.51
2026-04-22T12:30:00+02:00,-9.49
2026-04-22T12:45:00+02:00,-14.45
2026-04-22T13:00:00+02:00,-15.0
2026-04-22T13:15:00+02:00,-18.38
2026-04-22T13:30:00+02:00,-25.0
2026-04-22T13:45:00+02:00,-25.56
2026-04-22T14:00:00+02:00,-28.36
2026-04-22T14:15:00+02:00,-22.33
2026-04-22T14:30:00+02:00,-14.99
2026-04-22T14:45:00+02:00,-10.32
2026-04-22T15:00:00+02:00,-9.83
2026-04-22T15:15:00+02:00,-6.0
2026-04-22T15:30:00+02:00,-2.46
2026-04-22T15:45:00+02:00,-1.39
2026-04-22T16:00:00+02:00,-1.47
2026-04-22T16:15:00+02:00,-2.0
2026-04-22T16:30:00+02:00,-0.06
2026-04-22T16:45:00+02:00,3.49
2026-04-22T17:00:00+02:00,4.32
2026-04-22T17:15:00+02:00,29.37
2026-04-22T17:30:00+02:00,82.3
2026-04-22T17:45:00+02:00,113.63
2026-04-22T18:00:00+02:00,75.16
2026-04-22T18:15:00+02:00,94.65
2026-04-22T18:30:00+02:00,118.46
2026-04-22T18:45:00+02:00,132.92
2026-04-22T19:00:00+02:00,112.94
2026-04-22T19:15:00+02:00,127.1
2026-04-22T19:30:00+02:00,142.92
2026-04-22T19:45:00+02:00,177.51
2026-04-22T20:00:00+02:00,167.66
2026-04-22T20:15:00+02:00,157.78
2026-04-22T20:30:00+02:00,155.88
2026-04-22T20:45:00+02:00,134.32
2026-04-22T21:00:00+02:00,150.01
2026-04-22T21:15:00+02:00,126.74
2026-04-22T21:30:00+02:00,122.3
2026-04-22T21:45:00+02:00,114.99
2026-04-22T22:00:00+02:00,125.79
2026-04-22T22:15:00+02:00,117.45
2026-04-22T22:30:00+02:00,110.48
2026-04-22T22:45:00+02:00,104.08
2026-04-22T23:00:00+02:00,109.47
2026-04-22T23:15:00+02:00,107.14
2026-04-22T23:30:00+02:00,103.77
2026-04-22T23:45:00+02:00,99.93
2026-04-23T00:00:00+02:00,103.45
2026-04-23T00:15:00+02:00,101.44
2026-04-23T00:30:00+02:00,99.5
2026-04-23T00:45:00+02:00,96.17
2026-04-23T01:00:00+02:00,100.61
2026-04-23T01:15:00+02:00,98.4
2026-04-23T01:30:00+02:00,96.99
2026-04-23T01:45:00+02:00,94.5
2026-04-23T02:00:00+02:00,97.79
2026-04-23T02:15:00+02:00,96.46
2026-04-23T02:30:00+02:00,96.32
2026-04-23T02:45:00+02:00,96.37
2026-04-23T03:00:00+02:00,96.61
2026-04-23T03:15:00+02:00,96.01
2026-04-23T03:30:00+02:00,96.1
2026-04-23T03:45:00+02:00,96.11
2026-04-23T04:00:00+02:00,92.98
2026-04-23T04:15:00+02:00,95.54
2026-04-23T04:30:00+02:00,96.38
2026-04-23T04:45:00+02:00,98.5
2026-04-23T05:00:00+02:00,97.89
2026-04-23T05:15:00+02:00,100.97
2026-04-23T05:30:00+02:00,106.78
2026-04-23T05:45:00+02:00,111.0
2026-04-23T06:00:00+02:00,113.62
2026-04-23T06:15:00+02:00,119.43
2026-04-23T06:30:00+02:00,121.89
2026-04-23T06:45:00+02:00,121.06
2026-04-23T07:00:00+02:00,128.39
2026-04-23T07:15:00+02:00,121.9
2026-04-23T07:30:00+02:00,120.62
2026-04-23T07:45:00+02:00,106.69
2026-04-23T08:00:00+02:00,131.58
2026-04-23T08:15:00+02:00,126.69
2026-04-23T08:30:00+02:00,109.98
2026-04-23T08:45:00+02:00,70.54
2026-04-23T09:00:00+02:00,117.59
2026-04-23T09:15:00+02:00,79.37
2026-04-23T09:30:00+02:00,50.91
2026-04-23T09:45:00+02:00,5.3
2026-04-23T10:00:00+02:00,0.5
2026-04-23T10:15:00+02:00,-0.09
2026-04-23T10:30:00+02:00,-1.0
2026-04-23T10:45:00+02:00,-1.66
2026-04-23T11:00:00+02:00,-1.84
2026-04-23T11:15:00+02:00,-3.53
2026-04-23T11:30:00+02:00,-7.58
2026-04-23T11:45:00+02:00,-11.75
2026-04-23T12:00:00+02:00,-13.99
2026-04-23T12:15:00+02:00,-23.94
2026-04-23T12:30:00+02:00,-32.19
2026-04-23T12:45:00+02:00,-45.91
2026-04-23T13:00:00+02:00,-39.98
2026-04-23T13:15:00+02:00,-49.72
2026-04-23T13:30:00+02:00,-51.59
2026-04-23T13:45:00+02:00,-56.95
2026-04-23T14:00:00+02:00,-56.32
2026-04-23T14:15:00+02:00,-51.01
2026-04-23T14:30:00+02:00,-48.14
2026-04-23T14:45:00+02:00,-39.98
2026-04-23T15:00:00+02:00,-39.0
2026-04-23T15:15:00+02:00,-28.46
2026-04-23T15:30:00+02:00,-14.99
2026-04-23T15:45:00+02:00,-9.11
2026-04-23T16:00:00+02:00,-6.53
2026-04-23T16:15:00+02:00,-1.09
2026-04-23T16:30:00+02:00,-0.1
2026-04-23T16:45:00+02:00,0.0
2026-04-23T17:00:00+02:00,-0.05
2026-04-23T17:15:00+02:00,0.09
2026-04-23T17:30:00+02:00,7.35
2026-04-23T17:45:00+02:00,80.48
2026-04-23T18:00:00+02:00,47.57
2026-04-23T18:15:00+02:00,84.0
2026-04-23T18:30:00+02:00,111.81
2026-04-23T18:45:00+02:00,130.91
2026-04-23T19:00:00+02:00,105.21
2026-04-23T19:15:00+02:00,116.27
2026-04-23T19:30:00+02:00,127.4
2026-04-23T19:45:00+02:00,137.12
2026-04-23T20:00:00+02:00,144.91
2026-04-23T20:15:00+02:00,141.12
2026-04-23T20:30:00+02:00,136.03
2026-04-23T20:45:00+02:00,125.76
2026-04-23T21:00:00+02:00,125.39
2026-04-23T21:15:00+02:00,118.75
2026-04-23T21:30:00+02:00,113.99
2026-04-23T21:45:00+02:00,107.02
2026-04-23T22:00:00+02:00,113.46
2026-04-23T22:15:00+02:00,110.37
2026-04-23T22:30:00+02:00,107.98
2026-04-23T22:45:00+02:00,101.13
2026-04-23T23:00:00+02:00,104.64
2026-04-23T23:15:00+02:00,99.77
2026-04-23T23:30:00+02:00,98.88
2026-04-23T23:45:00+02:00,94.54
2026-04-24T00:00:00+02:00,111.03
2026-04-24T00:15:00+02:00,101.27
2026-04-24T00:30:00+02:00,98.27
2026-04-24T00:45:00+02:00,99.25
2026-04-24T01:00:00+02:00,101.39
2026-04-24T01:15:00+02:00,99.96
2026-04-24T01:30:00+02:00,99.65
2026-04-24T01:45:00+02:00,99.52
2026-04-24T02:00:00+02:00,101.7
2026-04-24T02:15:00+02:00,100.45
2026-04-24T02:30:00+02:00,100.36
2026-04-24T02:45:00+02:00,100.33
2026-04-24T03:00:00+02:00,100.57
2026-04-24T03:15:00+02:00,101.38
2026-04-24T03:30:00+02:00,102.28
2026-04-24T03:45:00+02:00,102.53
2026-04-24T04:00:00+02:00,102.15
2026-04-24T04:15:00+02:00,104.2
2026-04-24T04:30:00+02:00,106.78
2026-04-24T04:45:00+02:00,108.3
2026-04-24T05:00:00+02:00,104.95
2026-04-24T05:15:00+02:00,111.09
2026-04-24T05:30:00+02:00,121.39
2026-04-24T05:45:00+02:00,127.79
2026-04-24T06:00:00+02:00,125.18
2026-04-24T06:15:00+02:00,133.35
2026-04-24T06:30:00+02:00,133.58
2026-04-24T06:45:00+02:00,135.38
2026-04-24T07:00:00+02:00,149.44
2026-04-24T07:15:00+02:00,142.82
2026-04-24T07:30:00+02:00,135.96
2026-04-24T07:45:00+02:00,123.73
2026-04-24T08:00:00+02:00,154.95
2026-04-24T08:15:00+02:00,126.1
2026-04-24T08:30:00+02:00,113.2
2026-04-24T08:45:00+02:00,76.49
2026-04-24T09:00:00+02:00,128.29
2026-04-24T09:15:00+02:00,82.77
2026-04-24T09:30:00+02:00,68.38
2026-04-24T09:45:00+02:00,44.18
2026-04-24T10:00:00+02:00,59.69
2026-04-24T10:15:00+02:00,17.37
2026-04-24T10:30:00+02:00,1.23
2026-04-24T10:45:00+02:00,0.0
2026-04-24T11:00:00+02:00,0.09
2026-04-24T11:15:00+02:00,0.0
2026-04-24T11:30:00+02:00,-0.03
2026-04-24T11:45:00+02:00,-0.2
2026-04-24T12:00:00+02:00,-1.5
2026-04-24T12:15:00+02:00,-4.51
2026-04-24T12:30:00+02:00,-7.05
2026-04-24T12:45:00+02:00,-14.57
2026-04-24T13:00:00+02:00,-15.0
2026-04-24T13:15:00+02:00,-20.06
2026-04-24T13:30:00+02:00,-30.0
2026-04-24T13:45:00+02:00,-39.5
2026-04-24T14:00:00+02:00,-32.69
2026-04-24T14:15:00+02:00,-31.26
2026-04-24T14:30:00+02:00,-30.0
2026-04-24T14:45:00+02:00,-26.06
2026-04-24T15:00:00+02:00,-26.73
2026-04-24T15:15:00+02:00,-19.68
2026-04-24T15:30:00+02:00,-12.81
2026-04-24T15:45:00+02:00,-7.0
2026-04-24T16:00:00+02:00,-5.43
2026-04-24T16:15:00+02:00,-1.01
2026-04-24T16:30:00+02:00,-0.02
2026-04-24T16:45:00+02:00,0.01
2026-04-24T17:00:00+02:00,0.0
2026-04-24T17:15:00+02:00,17.3
2026-04-24T17:30:00+02:00,79.33
2026-04-24T17:45:00+02:00,107.0
2026-04-24T18:00:00+02:00,58.02
2026-04-24T18:15:00+02:00,96.13
2026-04-24T18:30:00+02:00,119.06
2026-04-24T18:45:00+02:00,146.06
2026-04-24T19:00:00+02:00,107.98
2026-04-24T19:15:00+02:00,123.55
2026-04-24T19:30:00+02:00,133.5
2026-04-24T19:45:00+02:00,170.21
2026-04-24T20:00:00+02:00,141.51
2026-04-24T20:15:00+02:00,136.03
2026-04-24T20:30:00+02:00,141.06
2026-04-24T20:45:00+02:00,130.76
2026-04-24T21:00:00+02:00,163.25
2026-04-24T21:15:00+02:00,129.56
2026-04-24T21:30:00+02:00,122.01
2026-04-24T21:45:00+02:00,109.28
2026-04-24T22:00:00+02:00,129.86
2026-04-24T22:15:00+02:00,124.91
2026-04-24T22:30:00+02:00,120.72
2026-04-24T22:45:00+02:00,112.02
2026-04-24T23:00:00+02:00,117.96
2026-04-24T23:15:00+02:00,114.8
2026-04-24T23:30:00+02:00,111.92
2026-04-24T23:45:00+02:00,109.09
2026-04-25T00:00:00+02:00,106.72
2026-04-25T00:15:00+02:00,99.05
2026-04-25T00:30:00+02:00,100.15
2026-04-25T00:45:00+02:00,96.58
2026-04-25T01:00:00+02:00,98.2
2026-04-25T01:15:00+02:00,94.63
2026-04-25T01:30:00+02:00,95.46
2026-04-25T01:45:00+02:00,93.87
2026-04-25T02:00:00+02:00,97.95
2026-04-25T02:15:00+02:00,96.19
2026-04-25T02:30:00+02:00,93.22
2026-04-25T02:45:00+02:00,93.12
2026-04-25T03:00:00+02:00,97.71
2026-04-25T03:15:00+02:00,94.81
2026-04-25T03:30:00+02:00,94.96
2026-04-25T03:45:00+02:00,93.15
2026-04-25T04:00:00+02:00,88.35
2026-04-25T04:15:00+02:00,87.91
2026-04-25T04:30:00+02:00,88.7
2026-04-25T04:45:00+02:00,88.87
2026-04-25T05:00:00+02:00,88.78
2026-04-25T05:15:00+02:00,88.18
2026-04-25T05:30:00+02:00,89.43
2026-04-25T05:45:00+02:00,85.73
2026-04-25T06:00:00+02:00,89.86
2026-04-25T06:15:00+02:00,90.87
2026-04-25T06:30:00+02:00,86.0
2026-04-25T06:45:00+02:00,66.0
2026-04-25T07:00:00+02:00,95.07
2026-04-25T07:15:00+02:00,88.64
2026-04-25T07:30:00+02:00,65.81
2026-04-25T07:45:00+02:00,35.93
2026-04-25T08:00:00+02:00,58.87
2026-04-25T08:15:00+02:00,17.07
2026-04-25T08:30:00+02:00,4.1
2026-04-25T08:45:00+02:00,0.1
2026-04-25T09:00:00+02:00,0.2
2026-04-25T09:15:00+02:00,-0.01
2026-04-25T09:30:00+02:00,-0.01
2026-04-25T09:45:00+02:00,-0.35
2026-04-25T10:00:00+02:00,-0.08
2026-04-25T10:15:00+02:00,-2.02
2026-04-25T10:30:00+02:00,-7.0
2026-04-25T10:45:00+02:00,-19.98
2026-04-25T11:00:00+02:00,-15.03
2026-04-25T11:15:00+02:00,-30.0
2026-04-25T11:30:00+02:00,-51.43
2026-04-25T11:45:00+02:00,-72.11
2026-04-25T12:00:00+02:00,-70.29
2026-04-25T12:15:00+02:00,-89.98
2026-04-25T12:30:00+02:00,-109.94
2026-04-25T12:45:00+02:00,-131.84
2026-04-25T13:00:00+02:00,-130.06
2026-04-25T13:15:00+02:00,-183.57
2026-04-25T13:30:00+02:00,-190.44
2026-04-25T13:45:00+02:00,-201.7
2026-04-25T14:00:00+02:00,-195.84
2026-04-25T14:15:00+02:00,-193.53
2026-04-25T14:30:00+02:00,-190.92
2026-04-25T14:45:00+02:00,-183.17
2026-04-25T15:00:00+02:00,-166.95
2026-04-25T15:15:00+02:00,-154.01
2026-04-25T15:30:00+02:00,-120.45
2026-04-25T15:45:00+02:00,-93.8
2026-04-25T16:00:00+02:00,-93.74
2026-04-25T16:15:00+02:00,-67.16
2026-04-25T16:30:00+02:00,-39.0
2026-04-25T16:45:00+02:00,-16.0
2026-04-25T17:00:00+02:00,-15.0
2026-04-25T17:15:00+02:00,-4.93
2026-04-25T17:30:00+02:00,-1.0
2026-04-25T17:45:00+02:00,-0.05
2026-04-25T18:00:00+02:00,-1.03
2026-04-25T18:15:00+02:00,-0.01
2026-04-25T18:30:00+02:00,2.48
2026-04-25T18:45:00+02:00,17.02
2026-04-25T19:00:00+02:00,38.95
2026-04-25T19:15:00+02:00,62.8
2026-04-25T19:30:00+02:00,73.32
2026-04-25T19:45:00+02:00,85.72
2026-04-25T20:00:00+02:00,75.47
2026-04-25T20:15:00+02:00,77.54
2026-04-25T20:30:00+02:00,76.01
2026-04-25T20:45:00+02:00,72.66
2026-04-25T21:00:00+02:00,81.86
2026-04-25T21:15:00+02:00,76.33
2026-04-25T21:30:00+02:00,69.76
2026-04-25T21:45:00+02:00,60.07
2026-04-25T22:00:00+02:00,79.88
2026-04-25T22:15:00+02:00,73.15
2026-04-25T22:30:00+02:00,72.24
2026-04-25T22:45:00+02:00,65.44
2026-04-25T23:00:00+02:00,72.8
2026-04-25T23:15:00+02:00,65.71
2026-04-25T23:30:00+02:00,71.89
2026-04-25T23:45:00+02:00,69.52
2026-04-26T00:00:00+02:00,78.31
2026-04-26T00:15:00+02:00,76.49
2026-04-26T00:30:00+02:00,80.45
2026-04-26T00:45:00+02:00,82.51
2026-04-26T01:00:00+02:00,81.39
2026-04-26T01:15:00+02:00,81.55
2026-04-26T01:30:00+02:00,85.43
2026-04-26T01:45:00+02:00,86.01
2026-04-26T02:00:00+02:00,85.35
2026-04-26T02:15:00+02:00,85.74
2026-04-26T02:30:00+02:00,88.25
2026-04-26T02:45:00+02:00,89.06
2026-04-26T03:00:00+02:00,87.93
2026-04-26T03:15:00+02:00,89.37
2026-04-26T03:30:00+02:00,91.27
2026-04-26T03:45:00+02:00,93.38
2026-04-26T04:00:00+02:00,88.47
2026-04-26T04:15:00+02:00,91.15
2026-04-26T04:30:00+02:00,98.27
2026-04-26T04:45:00+02:00,98.72
2026-04-26T05:00:00+02:00,94.22
2026-04-26T05:15:00+02:00,99.49
2026-04-26T05:30:00+02:00,99.9
2026-04-26T05:45:00+02:00,100.95
2026-04-26T06:00:00+02:00,97.1
2026-04-26T06:15:00+02:00,97.2
2026-04-26T06:30:00+02:00,94.04
2026-04-26T06:45:00+02:00,88.4
2026-04-26T07:00:00+02:00,92.25
2026-04-26T07:15:00+02:00,88.22
2026-04-26T07:30:00+02:00,83.16
2026-04-26T07:45:00+02:00,68.98
2026-04-26T08:00:00+02:00,88.85
2026-04-26T08:15:00+02:00,73.0
2026-04-26T08:30:00+02:00,45.72
2026-04-26T08:45:00+02:00,9.68
2026-04-26T09:00:00+02:00,4.91
2026-04-26T09:15:00+02:00,-0.09
2026-04-26T09:30:00+02:00,-0.81
2026-04-26T09:45:00+02:00,-4.05
2026-04-26T10:00:00+02:00,-5.01
2026-04-26T10:15:00+02:00,-19.64
2026-04-26T10:30:00+02:00,-38.0
2026-04-26T10:45:00+02:00,-50.09
2026-04-26T11:00:00+02:00,-72.0
2026-04-26T11:15:00+02:00,-86.99
2026-04-26T11:30:00+02:00,-137.11
2026-04-26T11:45:00+02:00,-213.36
2026-04-26T12:00:00+02:00,-213.54
2026-04-26T12:15:00+02:00,-247.77
2026-04-26T12:30:00+02:00,-256.17
2026-04-26T12:45:00+02:00,-322.36
2026-04-26T13:00:00+02:00,-360.35
2026-04-26T13:15:00+02:00,-376.09
2026-04-26T13:30:00+02:00,-451.35
2026-04-26T13:45:00+02:00,-467.29
2026-04-26T14:00:00+02:00,-480.01
2026-04-26T14:15:00+02:00,-451.12
2026-04-26T14:30:00+02:00,-392.82
2026-04-26T14:45:00+02:00,-329.03
2026-04-26T15:00:00+02:00,-321.1
2026-04-26T15:15:00+02:00,-276.53
2026-04-26T15:30:00+02:00,-225.99
2026-04-26T15:45:00+02:00,-119.95
2026-04-26T16:00:00+02:00,-89.22
2026-04-26T16:15:00+02:00,-44.99
2026-04-26T16:30:00+02:00,-12.0
2026-04-26T16:45:00+02:00,-3.01
2026-04-26T17:00:00+02:00,-2.1
2026-04-26T17:15:00+02:00,-0.13
2026-04-26T17:30:00+02:00,0.39
2026-04-26T17:45:00+02:00,46.55
2026-04-26T18:00:00+02:00,42.67
2026-04-26T18:15:00+02:00,100.92
2026-04-26T18:30:00+02:00,144.26
2026-04-26T18:45:00+02:00,164.54
2026-04-26T19:00:00+02:00,114.89
2026-04-26T19:15:00+02:00,132.34
2026-04-26T19:30:00+02:00,164.64
2026-04-26T19:45:00+02:00,189.28
2026-04-26T20:00:00+02:00,151.98
2026-04-26T20:15:00+02:00,161.01
2026-04-26T20:30:00+02:00,166.23
2026-04-26T20:45:00+02:00,152.04
2026-04-26T21:00:00+02:00,150.0
2026-04-26T21:15:00+02:00,142.46
2026-04-26T21:30:00+02:00,136.88
2026-04-26T21:45:00+02:00,133.27
2026-04-26T22:00:00+02:00,133.98
2026-04-26T22:15:00+02:00,129.96
2026-04-26T22:30:00+02:00,123.91
2026-04-26T22:45:00+02:00,117.78
2026-04-26T23:00:00+02:00,124.86
2026-04-26T23:15:00+02:00,127.56
2026-04-26T23:30:00+02:00,121.08
2026-04-26T23:45:00+02:00,118.0
2026-04-27T00:00:00+02:00,125.91
2026-04-27T00:15:00+02:00,119.8
2026-04-27T00:30:00+02:00,115.38
2026-04-27T00:45:00+02:00,112.7
2026-04-27T01:00:00+02:00,114.48
2026-04-27T01:15:00+02:00,113.59
2026-04-27T01:30:00+02:00,112.31
2026-04-27T01:45:00+02:00,111.74
2026-04-27T02:00:00+02:00,113.01
2026-04-27T02:15:00+02:00,112.71
2026-04-27T02:30:00+02:00,112.71
2026-04-27T02:45:00+02:00,112.41
2026-04-27T03:00:00+02:00,112.97
2026-04-27T03:15:00+02:00,112.14
2026-04-27T03:30:00+02:00,112.67
2026-04-27T03:45:00+02:00,113.52
2026-04-27T04:00:00+02:00,112.71
2026-04-27T04:15:00+02:00,113.92
2026-04-27T04:30:00+02:00,116.87
2026-04-27T04:45:00+02:00,123.46
2026-04-27T05:00:00+02:00,116.7
2026-04-27T05:15:00+02:00,124.0
2026-04-27T05:30:00+02:00,129.79
2026-04-27T05:45:00+02:00,132.18
2026-04-27T06:00:00+02:00,150.1
2026-04-27T06:15:00+02:00,166.4
2026-04-27T06:30:00+02:00,169.98
2026-04-27T06:45:00+02:00,175.79
2026-04-27T07:00:00+02:00,185.21
2026-04-27T07:15:00+02:00,171.27
2026-04-27T07:30:00+02:00,143.41
2026-04-27T07:45:00+02:00,114.87
2026-04-27T08:00:00+02:00,173.8
2026-04-27T08:15:00+02:00,135.01
2026-04-27T08:30:00+02:00,109.38
2026-04-27T08:45:00+02:00,88.0
2026-04-27T09:00:00+02:00,124.98
2026-04-27T09:15:00+02:00,99.27
2026-04-27T09:30:00+02:00,86.62
2026-04-27T09:45:00+02:00,59.24
2026-04-27T10:00:00+02:00,92.67
2026-04-27T10:15:00+02:00,67.9
2026-04-27T10:30:00+02:00,52.47
2026-04-27T10:45:00+02:00,23.53
2026-04-27T11:00:00+02:00,16.59
2026-04-27T11:15:00+02:00,0.0
2026-04-27T11:30:00+02:00,-0.01
2026-04-27T11:45:00+02:00,-0.02
2026-04-27T12:00:00+02:00,-0.01
2026-04-27T12:15:00+02:00,-0.05
2026-04-27T12:30:00+02:00,-0.1
2026-04-27T12:45:00+02:00,-0.23
2026-04-27T13:00:00+02:00,-0.5
2026-04-27T13:15:00+02:00,-0.82
2026-04-27T13:30:00+02:00,-1.0
2026-04-27T13:45:00+02:00,-1.0
2026-04-27T14:00:00+02:00,-0.5
2026-04-27T14:15:00+02:00,-0.1
2026-04-27T14:30:00+02:00,-0.05
2026-04-27T14:45:00+02:00,0.0
2026-04-27T15:00:00+02:00,-0.01
2026-04-27T15:15:00+02:00,0.0
2026-04-27T15:30:00+02:00,0.01
2026-04-27T15:45:00+02:00,20.57
2026-04-27T16:00:00+02:00,18.66
2026-04-27T16:15:00+02:00,53.61
2026-04-27T16:30:00+02:00,88.62
2026-04-27T16:45:00+02:00,113.77
2026-04-27T17:00:00+02:00,68.25
2026-04-27T17:15:00+02:00,105.18
2026-04-27T17:30:00+02:00,123.55
2026-04-27T17:45:00+02:00,131.76
2026-04-27T18:00:00+02:00,109.05
2026-04-27T18:15:00+02:00,123.74
2026-04-27T18:30:00+02:00,139.33
2026-04-27T18:45:00+02:00,147.29
2026-04-27T19:00:00+02:00,132.91
2026-04-27T19:15:00+02:00,156.54
2026-04-27T19:30:00+02:00,175.42
2026-04-27T19:45:00+02:00,224.33
2026-04-27T20:00:00+02:00,217.55
2026-04-27T20:15:00+02:00,205.14
2026-04-27T20:30:00+02:00,179.38
2026-04-27T20:45:00+02:00,150.4
2026-04-27T21:00:00+02:00,193.94
2026-04-27T21:15:00+02:00,150.9
2026-04-27T21:30:00+02:00,129.0
2026-04-27T21:45:00+02:00,120.0
2026-04-27T22:00:00+02:00,138.37
2026-04-27T22:15:00+02:00,130.02
2026-04-27T22:30:00+02:00,122.83
2026-04-27T22:45:00+02:00,111.37
2026-04-27T23:00:00+02:00,124.74
2026-04-27T23:15:00+02:00,117.45
2026-04-27T23:30:00+02:00,111.54
2026-04-27T23:45:00+02:00,107.08
2026-04-28T00:00:00+02:00,119.92
2026-04-28T00:15:00+02:00,113.69
2026-04-28T00:30:00+02:00,109.91
2026-04-28T00:45:00+02:00,107.12
2026-04-28T01:00:00+02:00,110.83
2026-04-28T01:15:00+02:00,107.61
2026-04-28T01:30:00+02:00,106.26
2026-04-28T01:45:00+02:00,102.91
2026-04-28T02:00:00+02:00,104.02
2026-04-28T02:15:00+02:00,102.51
2026-04-28T02:30:00+02:00,102.64
2026-04-28T02:45:00+02:00,102.75
2026-04-28T03:00:00+02:00,102.36
2026-04-28T03:15:00+02:00,102.08
2026-04-28T03:30:00+02:00,102.95
2026-04-28T03:45:00+02:00,103.93
2026-04-28T04:00:00+02:00,102.73
2026-04-28T04:15:00+02:00,103.47
2026-04-28T04:30:00+02:00,105.52
2026-04-28T04:45:00+02:00,109.39
2026-04-28T05:00:00+02:00,104.55
2026-04-28T05:15:00+02:00,109.24
2026-04-28T05:30:00+02:00,115.2
2026-04-28T05:45:00+02:00,118.35
2026-04-28T06:00:00+02:00,118.79
2026-04-28T06:15:00+02:00,121.4
2026-04-28T06:30:00+02:00,124.89
2026-04-28T06:45:00+02:00,123.32
2026-04-28T07:00:00+02:00,134.29
2026-04-28T07:15:00+02:00,126.94
2026-04-28T07:30:00+02:00,116.4
2026-04-28T07:45:00+02:00,108.09
2026-04-28T08:00:00+02:00,128.91
2026-04-28T08:15:00+02:00,121.07
2026-04-28T08:30:00+02:00,109.71
2026-04-28T08:45:00+02:00,89.57
2026-04-28T09:00:00+02:00,113.0
2026-04-28T09:15:00+02:00,97.01
2026-04-28T09:30:00+02:00,70.07
2026-04-28T09:45:00+02:00,39.03
2026-04-28T10:00:00+02:00,68.65
2026-04-28T10:15:00+02:00,23.19
2026-04-28T10:30:00+02:00,-0.07
2026-04-28T10:45:00+02:00,-4.51
2026-04-28T11:00:00+02:00,0.05
2026-04-28T11:15:00+02:00,-0.4
2026-04-28T11:30:00+02:00,-1.0
2026-04-28T11:45:00+02:00,-2.99
2026-04-28T12:00:00+02:00,-6.39
2026-04-28T12:15:00+02:00,-10.7
2026-04-28T12:30:00+02:00,-17.1
2026-04-28T12:45:00+02:00,-21.98
2026-04-28T13:00:00+02:00,-22.09
2026-04-28T13:15:00+02:00,-28.45
2026-04-28T13:30:00+02:00,-29.99
2026-04-28T13:45:00+02:00,-35.47
2026-04-28T14:00:00+02:00,-32.94
2026-04-28T14:15:00+02:00,-30.0
2026-04-28T14:30:00+02:00,-28.63
2026-04-28T14:45:00+02:00,-24.46
2026-04-28T15:00:00+02:00,-26.09
2026-04-28T15:15:00+02:00,-20.0
2026-04-28T15:30:00+02:00,-15.01
2026-04-28T15:45:00+02:00,-8.22
2026-04-28T16:00:00+02:00,-12.49
2026-04-28T16:15:00+02:00,-5.11
2026-04-28T16:30:00+02:00,-1.02
2026-04-28T16:45:00+02:00,0.0
2026-04-28T17:00:00+02:00,-0.05
2026-04-28T17:15:00+02:00,5.81
2026-04-28T17:30:00+02:00,45.6
2026-04-28T17:45:00+02:00,81.9
2026-04-28T18:00:00+02:00,58.65
2026-04-28T18:15:00+02:00,79.39
2026-04-28T18:30:00+02:00,105.36
2026-04-28T18:45:00+02:00,117.0
2026-04-28T19:00:00+02:00,105.22
2026-04-28T19:15:00+02:00,115.2
2026-04-28T19:30:00+02:00,120.18
2026-04-28T19:45:00+02:00,129.0
2026-04-28T20:00:00+02:00,124.01
2026-04-28T20:15:00+02:00,120.06
2026-04-28T20:30:00+02:00,121.07
2026-04-28T20:45:00+02:00,118.75
2026-04-28T21:00:00+02:00,119.87
2026-04-28T21:15:00+02:00,118.91
2026-04-28T21:30:00+02:00,115.48
2026-04-28T21:45:00+02:00,109.05
2026-04-28T22:00:00+02:00,118.02
2026-04-28T22:15:00+02:00,112.41
2026-04-28T22:30:00+02:00,110.5
2026-04-28T22:45:00+02:00,104.25
2026-04-28T23:00:00+02:00,107.12
2026-04-28T23:15:00+02:00,102.04
2026-04-28T23:30:00+02:00,100.41
2026-04-28T23:45:00+02:00,97.51
2026-04-29T00:00:00+02:00,101.96
2026-04-29T00:15:00+02:00,98.38
2026-04-29T00:30:00+02:00,97.46
2026-04-29T00:45:00+02:00,95.03
2026-04-29T01:00:00+02:00,97.82
2026-04-29T01:15:00+02:00,96.32
2026-04-29T01:30:00+02:00,96.7
2026-04-29T01:45:00+02:00,96.06
2026-04-29T02:00:00+02:00,97.83
2026-04-29T02:15:00+02:00,97.54
2026-04-29T02:30:00+02:00,98.44
2026-04-29T02:45:00+02:00,97.86
2026-04-29T03:00:00+02:00,97.59
2026-04-29T03:15:00+02:00,98.03
2026-04-29T03:30:00+02:00,98.71
2026-04-29T03:45:00+02:00,99.78
2026-04-29T04:00:00+02:00,98.68
2026-04-29T04:15:00+02:00,99.8
2026-04-29T04:30:00+02:00,100.79
2026-04-29T04:45:00+02:00,103.33
2026-04-29T05:00:00+02:00,102.07
2026-04-29T05:15:00+02:00,105.04
2026-04-29T05:30:00+02:00,109.71
2026-04-29T05:45:00+02:00,114.8
2026-04-29T06:00:00+02:00,121.58
2026-04-29T06:15:00+02:00,137.93
2026-04-29T06:30:00+02:00,149.84
2026-04-29T06:45:00+02:00,149.84
2026-04-29T07:00:00+02:00,153.0
2026-04-29T07:15:00+02:00,130.17
2026-04-29T07:30:00+02:00,119.2
2026-04-29T07:45:00+02:00,105.02
2026-04-29T08:00:00+02:00,134.59
2026-04-29T08:15:00+02:00,120.46
2026-04-29T08:30:00+02:00,105.15
2026-04-29T08:45:00+02:00,89.26
2026-04-29T09:00:00+02:00,117.75
2026-04-29T09:15:00+02:00,96.95
2026-04-29T09:30:00+02:00,50.54
2026-04-29T09:45:00+02:00,0.44
2026-04-29T10:00:00+02:00,10.8
2026-04-29T10:15:00+02:00,-0.02
2026-04-29T10:30:00+02:00,-4.28
2026-04-29T10:45:00+02:00,-10.81
2026-04-29T11:00:00+02:00,-7.52
2026-04-29T11:15:00+02:00,-7.99
2026-04-29T11:30:00+02:00,-10.7
2026-04-29T11:45:00+02:00,-20.06
2026-04-29T12:00:00+02:00,-20.0
2026-04-29T12:15:00+02:00,-30.0
2026-04-29T12:30:00+02:00,-36.06
2026-04-29T12:45:00+02:00,-49.0
2026-04-29T13:00:00+02:00,-49.95
2026-04-29T13:15:00+02:00,-57.79
2026-04-29T13:30:00+02:00,-63.47
2026-04-29T13:45:00+02:00,-70.24
2026-04-29T14:00:00+02:00,-63.51
2026-04-29T14:15:00+02:00,-57.71
2026-04-29T14:30:00+02:00,-51.51
2026-04-29T14:45:00+02:00,-49.0
2026-04-29T15:00:00+02:00,-50.0
2026-04-29T15:15:00+02:00,-39.89
2026-04-29T15:30:00+02:00,-32.91
2026-04-29T15:45:00+02:00,-22.08
2026-04-29T16:00:00+02:00,-26.47
2026-04-29T16:15:00+02:00,-13.12
2026-04-29T16:30:00+02:00,-5.1
2026-04-29T16:45:00+02:00,-0.31
2026-04-29T17:00:00+02:00,-6.36
2026-04-29T17:15:00+02:00,-0.1
2026-04-29T17:30:00+02:00,8.05
2026-04-29T17:45:00+02:00,76.99
2026-04-29T18:00:00+02:00,41.92
2026-04-29T18:15:00+02:00,85.07
2026-04-29T18:30:00+02:00,110.92
2026-04-29T18:45:00+02:00,126.67
2026-04-29T19:00:00+02:00,104.21
2026-04-29T19:15:00+02:00,110.63
2026-04-29T19:30:00+02:00,127.21
2026-04-29T19:45:00+02:00,161.19
2026-04-29T20:00:00+02:00,144.85
2026-04-29T20:15:00+02:00,143.87
2026-04-29T20:30:00+02:00,149.2
2026-04-29T20:45:00+02:00,144.45
2026-04-29T21:00:00+02:00,158.5
2026-04-29T21:15:00+02:00,131.32
2026-04-29T21:30:00+02:00,118.72
2026-04-29T21:45:00+02:00,111.26
2026-04-29T22:00:00+02:00,123.5
2026-04-29T22:15:00+02:00,117.26
2026-04-29T22:30:00+02:00,114.21
2026-04-29T22:45:00+02:00,107.66
2026-04-29T23:00:00+02:00,111.96
2026-04-29T23:15:00+02:00,106.21
2026-04-29T23:30:00+02:00,103.32
2026-04-29T23:45:00+02:00,98.9
2026-04-30T00:00:00+02:00,99.4
2026-04-30T00:15:00+02:00,101.55
2026-04-30T00:30:00+02:00,101.1
2026-04-30T00:45:00+02:00,99.23
2026-04-30T01:00:00+02:00,99.57
2026-04-30T01:15:00+02:00,99.19
2026-04-30T01:30:00+02:00,99.97
2026-04-30T01:45:00+02:00,101.71
2026-04-30T02:00:00+02:00,100.33
2026-04-30T02:15:00+02:00,97.81
2026-04-30T02:30:00+02:00,98.02
2026-04-30T02:45:00+02:00,98.12
2026-04-30T03:00:00+02:00,98.75
2026-04-30T03:15:00+02:00,99.01
2026-04-30T03:30:00+02:00,99.29
2026-04-30T03:45:00+02:00,100.86
2026-04-30T04:00:00+02:00,98.35
2026-04-30T04:15:00+02:00,101.48
2026-04-30T04:30:00+02:00,106.89
2026-04-30T04:45:00+02:00,109.64
2026-04-30T05:00:00+02:00,106.81
2026-04-30T05:15:00+02:00,110.88
2026-04-30T05:30:00+02:00,116.28
2026-04-30T05:45:00+02:00,122.44
2026-04-30T06:00:00+02:00,119.63
2026-04-30T06:15:00+02:00,147.97
2026-04-30T06:30:00+02:00,150.34
2026-04-30T06:45:00+02:00,138.54
2026-04-30T07:00:00+02:00,155.36
2026-04-30T07:15:00+02:00,130.68
2026-04-30T07:30:00+02:00,113.9
2026-04-30T07:45:00+02:00,89.2
2026-04-30T08:00:00+02:00,127.7
2026-04-30T08:15:00+02:00,115.3
2026-04-30T08:30:00+02:00,93.2
2026-04-30T08:45:00+02:00,48.67
2026-04-30T09:00:00+02:00,108.35
2026-04-30T09:15:00+02:00,59.2
2026-04-30T09:30:00+02:00,14.66
2026-04-30T09:45:00+02:00,0.01
2026-04-30T10:00:00+02:00,1.98
2026-04-30T10:15:00+02:00,0.0
2026-04-30T10:30:00+02:00,-0.09
2026-04-30T10:45:00+02:00,-2.04
2026-04-30T11:00:00+02:00,-0.51
2026-04-30T11:15:00+02:00,-1.29
2026-04-30T11:30:00+02:00,-4.0
2026-04-30T11:45:00+02:00,-9.7
2026-04-30T12:00:00+02:00,-8.17
2026-04-30T12:15:00+02:00,-14.34
2026-04-30T12:30:00+02:00,-18.23
2026-04-30T12:45:00+02:00,-24.27
2026-04-30T13:00:00+02:00,-26.01
2026-04-30T13:15:00+02:00,-29.99
2026-04-30T13:30:00+02:00,-34.63
2026-04-30T13:45:00+02:00,-37.45
2026-04-30T14:00:00+02:00,-36.16
2026-04-30T14:15:00+02:00,-30.01
2026-04-30T14:30:00+02:00,-28.35
2026-04-30T14:45:00+02:00,-21.2
2026-04-30T15:00:00+02:00,-20.73
2026-04-30T15:15:00+02:00,-15.01
2026-04-30T15:30:00+02:00,-9.47
2026-04-30T15:45:00+02:00,-2.99
2026-04-30T16:00:00+02:00,-5.86
2026-04-30T16:15:00+02:00,-1.65
2026-04-30T16:30:00+02:00,-0.94
2026-04-30T16:45:00+02:00,-0.72
2026-04-30T17:00:00+02:00,-1.68
2026-04-30T17:15:00+02:00,-0.01
2026-04-30T17:30:00+02:00,13.7
2026-04-30T17:45:00+02:00,70.31
2026-04-30T18:00:00+02:00,31.14
2026-04-30T18:15:00+02:00,88.61
2026-04-30T18:30:00+02:00,112.47
2026-04-30T18:45:00+02:00,137.5
2026-04-30T19:00:00+02:00,104.13
2026-04-30T19:15:00+02:00,121.7
2026-04-30T19:30:00+02:00,144.27
2026-04-30T19:45:00+02:00,186.25
2026-04-30T20:00:00+02:00,178.01
2026-04-30T20:15:00+02:00,188.47
2026-04-30T20:30:00+02:00,181.09
2026-04-30T20:45:00+02:00,166.91
2026-04-30T21:00:00+02:00,181.63
2026-04-30T21:15:00+02:00,155.44
2026-04-30T21:30:00+02:00,131.23
2026-04-30T21:45:00+02:00,115.06
2026-04-30T22:00:00+02:00,132.37
2026-04-30T22:15:00+02:00,120.1
2026-04-30T22:30:00+02:00,113.94
2026-04-30T22:45:00+02:00,109.27
2026-04-30T23:00:00+02:00,117.59
2026-04-30T23:15:00+02:00,111.12
2026-04-30T23:30:00+02:00,106.74
2026-04-30T23:45:00+02:00,102.98
2026-05-01T00:00:00+02:00,115.99
2026-05-01T00:15:00+02:00,108.86
2026-05-01T00:30:00+02:00,103.48
2026-05-01T00:45:00+02:00,100.58
2026-05-01T01:00:00+02:00,104.92
2026-05-01T01:15:00+02:00,103.16
2026-05-01T01:30:00+02:00,103.16
2026-05-01T01:45:00+02:00,101.1
2026-05-01T02:00:00+02:00,102.84
2026-05-01T02:15:00+02:00,100.51
2026-05-01T02:30:00+02:00,101.09
2026-05-01T02:45:00+02:00,101.1
2026-05-01T03:00:00+02:00,99.01
2026-05-01T03:15:00+02:00,98.96
2026-05-01T03:30:00+02:00,99.78
2026-05-01T03:45:00+02:00,99.23
2026-05-01T04:00:00+02:00,97.8
2026-05-01T04:15:00+02:00,98.21
2026-05-01T04:30:00+02:00,97.0
2026-05-01T04:45:00+02:00,98.91
2026-05-01T05:00:00+02:00,97.35
2026-05-01T05:15:00+02:00,97.87
2026-05-01T05:30:00+02:00,99.37
2026-05-01T05:45:00+02:00,95.39
2026-05-01T06:00:00+02:00,112.68
2026-05-01T06:15:00+02:00,110.66
2026-05-01T06:30:00+02:00,106.74
2026-05-01T06:45:00+02:00,84.99
2026-05-01T07:00:00+02:00,124.78
2026-05-01T07:15:00+02:00,95.88
2026-05-01T07:30:00+02:00,70.02
2026-05-01T07:45:00+02:00,30.68
2026-05-01T08:00:00+02:00,98.65
2026-05-01T08:15:00+02:00,34.99
2026-05-01T08:30:00+02:00,7.66
2026-05-01T08:45:00+02:00,0.03
2026-05-01T09:00:00+02:00,1.16
2026-05-01T09:15:00+02:00,0.0
2026-05-01T09:30:00+02:00,-0.01
2026-05-01T09:45:00+02:00,-1.26
2026-05-01T10:00:00+02:00,-1.38
2026-05-01T10:15:00+02:00,-7.99
2026-05-01T10:30:00+02:00,-25.0
2026-05-01T10:45:00+02:00,-50.35
2026-05-01T11:00:00+02:00,-69.98
2026-05-01T11:15:00+02:00,-90.47
2026-05-01T11:30:00+02:00,-120.0
2026-05-01T11:45:00+02:00,-154.02
2026-05-01T12:00:00+02:00,-160.02
2026-05-01T12:15:00+02:00,-280.77
2026-05-01T12:30:00+02:00,-340.21
2026-05-01T12:45:00+02:00,-493.32
2026-05-01T13:00:00+02:00,-496.03
2026-05-01T13:15:00+02:00,-499.99
2026-05-01T13:30:00+02:00,-499.99
2026-05-01T13:45:00+02:00,-499.99
2026-05-01T14:00:00+02:00,-499.99
2026-05-01T14:15:00+02:00,-499.99
2026-05-01T14:30:00+02:00,-499.89
2026-05-01T14:45:00+02:00,-400.0
2026-05-01T15:00:00+02:00,-400.0
2026-05-01T15:15:00+02:00,-215.65
2026-05-01T15:30:00+02:00,-129.95
2026-05-01T15:45:00+02:00,-77.91
2026-05-01T16:00:00+02:00,-63.83
2026-05-01T16:15:00+02:00,-30.0
2026-05-01T16:30:00+02:00,-9.96
2026-05-01T16:45:00+02:00,-1.2
2026-05-01T17:00:00+02:00,-1.57
2026-05-01T17:15:00+02:00,-0.21
2026-05-01T17:30:00+02:00,0.0
2026-05-01T17:45:00+02:00,24.0
2026-05-01T18:00:00+02:00,5.09
2026-05-01T18:15:00+02:00,79.1
2026-05-01T18:30:00+02:00,109.67
2026-05-01T18:45:00+02:00,176.26
2026-05-01T19:00:00+02:00,106.63
2026-05-01T19:15:00+02:00,124.15
2026-05-01T19:30:00+02:00,152.99
2026-05-01T19:45:00+02:00,232.99
2026-05-01T20:00:00+02:00,180.71
2026-05-01T20:15:00+02:00,181.22
2026-05-01T20:30:00+02:00,181.02
2026-05-01T20:45:00+02:00,150.35
2026-05-01T21:00:00+02:00,210.0
2026-05-01T21:15:00+02:00,135.32
2026-05-01T21:30:00+02:00,116.65
2026-05-01T21:45:00+02:00,109.83
2026-05-01T22:00:00+02:00,127.7
2026-05-01T22:15:00+02:00,115.99
2026-05-01T22:30:00+02:00,106.0
2026-05-01T22:45:00+02:00,103.2
2026-05-01T23:00:00+02:00,104.09
2026-05-01T23:15:00+02:00,102.13
2026-05-01T23:30:00+02:00,94.84
2026-05-01T23:45:00+02:00,86.87
2026-05-02T00:00:00+02:00,138.0
2026-05-02T00:15:00+02:00,123.31
2026-05-02T00:30:00+02:00,105.13
2026-05-02T00:45:00+02:00,103.26
2026-05-02T01:00:00+02:00,109.59
2026-05-02T01:15:00+02:00,104.87
2026-05-02T01:30:00+02:00,102.24
2026-05-02T01:45:00+02:00,98.15
2026-05-02T02:00:00+02:00,104.17
2026-05-02T02:15:00+02:00,98.91
2026-05-02T02:30:00+02:00,97.33
2026-05-02T02:45:00+02:00,97.5
2026-05-02T03:00:00+02:00,97.37
2026-05-02T03:15:00+02:00,92.12
2026-05-02T03:30:00+02:00,92.08
2026-05-02T03:45:00+02:00,91.77
2026-05-02T04:00:00+02:00,91.52
2026-05-02T04:15:00+02:00,94.22
2026-05-02T04:30:00+02:00,94.22
2026-05-02T04:45:00+02:00,94.22
2026-05-02T05:00:00+02:00,92.82
2026-05-02T05:15:00+02:00,91.78
2026-05-02T05:30:00+02:00,95.14
2026-05-02T05:45:00+02:00,95.05
2026-05-02T06:00:00+02:00,95.65
2026-05-02T06:15:00+02:00,96.78
2026-05-02T06:30:00+02:00,93.47
2026-05-02T06:45:00+02:00,81.22
2026-05-02T07:00:00+02:00,110.85
2026-05-02T07:15:00+02:00,86.56
2026-05-02T07:30:00+02:00,72.04
2026-05-02T07:45:00+02:00,42.6
2026-05-02T08:00:00+02:00,46.21
2026-05-02T08:15:00+02:00,20.0
2026-05-02T08:30:00+02:00,4.77
2026-05-02T08:45:00+02:00,2.1
2026-05-02T09:00:00+02:00,4.79
2026-05-02T09:15:00+02:00,0.33
2026-05-02T09:30:00+02:00,0.0
2026-05-02T09:45:00+02:00,-0.04
2026-05-02T10:00:00+02:00,-0.01
2026-05-02T10:15:00+02:00,-0.09
2026-05-02T10:30:00+02:00,-1.26
2026-05-02T10:45:00+02:00,-8.19
2026-05-02T11:00:00+02:00,-10.0
2026-05-02T11:15:00+02:00,-14.45
2026-05-02T11:30:00+02:00,-23.31
2026-05-02T11:45:00+02:00,-39.89
2026-05-02T12:00:00+02:00,-59.95
2026-05-02T12:15:00+02:00,-74.03
2026-05-02T12:30:00+02:00,-88.0
2026-05-02T12:45:00+02:00,-112.45
2026-05-02T13:00:00+02:00,-114.16
2026-05-02T13:15:00+02:00,-129.04
2026-05-02T13:30:00+02:00,-147.01
2026-05-02T13:45:00+02:00,-129.9
2026-05-02T14:00:00+02:00,-120.01
2026-05-02T14:15:00+02:00,-95.49
2026-05-02T14:30:00+02:00,-74.0
2026-05-02T14:45:00+02:00,-57.87
2026-05-02T15:00:00+02:00,-34.99
2026-05-02T15:15:00+02:00,-14.99
2026-05-02T15:30:00+02:00,-5.09
2026-05-02T15:45:00+02:00,-1.08
2026-05-02T16:00:00+02:00,-0.11
2026-05-02T16:15:00+02:00,-0.01
2026-05-02T16:30:00+02:00,0.0
2026-05-02T16:45:00+02:00,0.25
2026-05-02T17:00:00+02:00,0.37
2026-05-02T17:15:00+02:00,6.19
2026-05-02T17:30:00+02:00,68.82
2026-05-02T17:45:00+02:00,144.4
2026-05-02T18:00:00+02:00,78.71
2026-05-02T18:15:00+02:00,113.51
2026-05-02T18:30:00+02:00,136.31
2026-05-02T18:45:00+02:00,180.03
2026-05-02T19:00:00+02:00,115.68
2026-05-02T19:15:00+02:00,137.46
2026-05-02T19:30:00+02:00,155.77
2026-05-02T19:45:00+02:00,251.09
2026-05-02T20:00:00+02:00,176.98
2026-05-02T20:15:00+02:00,199.77
2026-05-02T20:30:00+02:00,217.0
2026-05-02T20:45:00+02:00,188.05
2026-05-02T21:00:00+02:00,210.76
2026-05-02T21:15:00+02:00,147.94
2026-05-02T21:30:00+02:00,133.78
2026-05-02T21:45:00+02:00,124.8
2026-05-02T22:00:00+02:00,174.8
2026-05-02T22:15:00+02:00,137.8
2026-05-02T22:30:00+02:00,125.4
2026-05-02T22:45:00+02:00,121.84
2026-05-02T23:00:00+02:00,135.11
2026-05-02T23:15:00+02:00,129.16
2026-05-02T23:30:00+02:00,117.74
2026-05-02T23:45:00+02:00,113.45
2026-05-03T00:00:00+02:00,129.53
2026-05-03T00:15:00+02:00,120.08
2026-05-03T00:30:00+02:00,119.66
2026-05-03T00:45:00+02:00,115.51
2026-05-03T01:00:00+02:00,118.26
2026-05-03T01:15:00+02:00,117.91
2026-05-03T01:30:00+02:00,115.95
2026-05-03T01:45:00+02:00,112.01
2026-05-03T02:00:00+02:00,111.26
